gene_id,cancer,source_samples,samples,sum_ptpm,max_ptpm,missing_samples,mean_ptpm,expressed_samples_ptpm_ge_0_1,prevalence_ptpm_ge_0_1,expressed_samples_ptpm_ge_1,prevalence_ptpm_ge_1,expressed_samples_ptpm_ge_2,prevalence_ptpm_ge_2,expressed_samples_ptpm_ge_5,prevalence_ptpm_ge_5,cancer_type,cancer_code,organ,nominal_samples,cohort,hpa_gene_name,symbol
ENSG00000137270,Bladder Urothelial Carcinoma (TCGA),169,169,201.2207,118.555,0,1.19065502959,61,0.360946745562,22,0.130177514793,15,0.0887573964497,5,0.0295857988166,Bladder Urothelial Carcinoma,BLCA,Kidney & Urinary bladder,169,TCGA,GCM1,GCM1
ENSG00000137270,Breast Invasive Carcinoma (TCGA),1022,1022,514.627,42.6056,0,0.503548923679,840,0.821917808219,72,0.0704500978474,23,0.0225048923679,10,0.00978473581213,Breast Invasive Carcinoma,BRCA,Breast & female reproductive system,1022,TCGA,GCM1,GCM1
ENSG00000137270,Cervical Squamous Cell Carcinoma and Endocervical Adenocarcinoma (TCGA),283,283,115.9933,10.6048,0,0.409870318021,106,0.374558303887,33,0.116607773852,19,0.0671378091873,4,0.0141342756184,Cervical Squamous Cell Carcinoma and Endocervical Adenocarcinoma,CESC,Breast & female reproductive system,283,TCGA,GCM1,GCM1
ENSG00000137270,Colon Adenocarcinoma (TCGA),254,254,46.2795,2.9055,0,0.182202755906,170,0.669291338583,3,0.011811023622,1,0.00393700787402,0,0.0,Colon Adenocarcinoma,COAD,Gastrointestinal tract,254,TCGA,GCM1,GCM1
ENSG00000137270,Glioblastoma Multiforme (TCGA),141,141,20.9618,1.1886,0,0.148665248227,84,0.595744680851,1,0.00709219858156,0,0.0,0,0.0,Glioblastoma Multiforme,GBM,Brain,141,TCGA,GCM1,GCM1
ENSG00000137270,Head and Neck Squamous Cell Carcinoma (TCGA),492,492,53.8448,0.8853,0,0.109440650407,191,0.388211382114,0,0.0,0,0.0,0,0.0,Head and Neck Squamous Cell Carcinoma,HNSC,Gastrointestinal tract,492,TCGA,GCM1,GCM1
ENSG00000137270,Kidney Chromophobe (TCGA),64,64,18.6365,3.4777,0,0.2911953125,14,0.21875,9,0.140625,2,0.03125,0,0.0,Kidney Chromophobe,KICH,Kidney & Urinary bladder,64,TCGA,GCM1,GCM1
ENSG00000137270,Kidney Renal Clear Cell Carcinoma (TCGA),521,521,209.6467,10.9846,0,0.402392898273,413,0.792706333973,36,0.0690978886756,11,0.021113243762,4,0.00767754318618,Kidney Renal Clear Cell Carcinoma,KIRC,Kidney & Urinary bladder,521,TCGA,GCM1,GCM1
ENSG00000137270,Kidney Renal Papillary Cell Carcinoma (TCGA),282,282,347.4623,11.8538,0,1.2321358156,195,0.691489361702,92,0.326241134752,58,0.205673758865,16,0.0567375886525,Kidney Renal Papillary Cell Carcinoma,KIRP,Kidney & Urinary bladder,282,TCGA,GCM1,GCM1
ENSG00000137270,Liver Hepatocellular Carcinoma (TCGA),362,362,47.9629,6.3563,0,0.132494198895,104,0.28729281768,6,0.0165745856354,2,0.00552486187845,1,0.00276243093923,Liver Hepatocellular Carcinoma,LIHC,Liver & Gallbladder,362,TCGA,GCM1,GCM1
ENSG00000137270,Lung Adenocarcinoma (TCGA),497,497,169.3464,11.671,0,0.34073722334,412,0.828973843058,20,0.0402414486922,8,0.0160965794769,1,0.00201207243461,Lung Adenocarcinoma,LUAD,Respiratory system,497,TCGA,GCM1,GCM1
ENSG00000137270,Lung Squamous Cell Carcinoma (TCGA),489,489,98.9435,3.0055,0,0.202338445808,360,0.736196319018,7,0.0143149284254,2,0.0040899795501,0,0.0,Lung Squamous Cell Carcinoma,LUSC,Respiratory system,489,TCGA,GCM1,GCM1
ENSG00000137270,Ovary Serous Cystadenocarcinoma (TCGA),349,349,63.0325,2.3132,0,0.180608882521,244,0.699140401146,2,0.00573065902579,1,0.00286532951289,0,0.0,Ovary Serous Cystadenocarcinoma,OV,Breast & female reproductive system,349,TCGA,GCM1,GCM1
ENSG00000137270,Pancreatic Adenocarcinoma (TCGA),176,176,30.951,1.0886,0,0.175857954545,123,0.698863636364,1,0.00568181818182,0,0.0,0,0.0,Pancreatic Adenocarcinoma,PAAD,Pancreas,176,TCGA,GCM1,GCM1
ENSG00000137270,Prostate Adenocarcinoma (TCGA),480,480,73.3159,0.5769,0,0.152741458333,328,0.683333333333,0,0.0,0,0.0,0,0.0,Prostate Adenocarcinoma,PRAD,Male reproductive system,480,TCGA,GCM1,GCM1
ENSG00000137270,Rectum Adenocarcinoma (TCGA),88,88,16.3444,1.5225,0,0.185731818182,62,0.704545454545,1,0.0113636363636,0,0.0,0,0.0,Rectum Adenocarcinoma,READ,Gastrointestinal tract,88,TCGA,GCM1,GCM1
ENSG00000137270,Skin Cuteneous Melanoma (TCGA),99,99,15.8946,3.8648,0,0.160551515152,24,0.242424242424,5,0.0505050505051,2,0.020202020202,0,0.0,Skin Cuteneous Melanoma,SKCM,Skin,99,TCGA,GCM1,GCM1
ENSG00000137270,Stomach Adenocarcinoma (TCGA),346,346,177.5749,6.5937,0,0.513222254335,305,0.881502890173,38,0.109826589595,13,0.0375722543353,1,0.0028901734104,Stomach Adenocarcinoma,STAD,Gastrointestinal tract,346,TCGA,GCM1,GCM1
ENSG00000137270,Testicular Germ Cell Tumor (TCGA),133,133,126.9918,17.3028,0,0.95482556391,74,0.556390977444,28,0.210526315789,21,0.157894736842,6,0.0451127819549,Testicular Germ Cell Tumor,TGCT,Male reproductive system,133,TCGA,GCM1,GCM1
ENSG00000137270,Thyroid Carcinoma (TCGA),495,495,51.2664,0.6753,0,0.103568484848,211,0.426262626263,0,0.0,0,0.0,0,0.0,Thyroid Carcinoma,THCA,Endocrine tissues,495,TCGA,GCM1,GCM1
ENSG00000137270,Uterine Corpus Endometrial Carcinoma (TCGA),176,176,90.2311,20.6247,0,0.512676704545,66,0.375,9,0.0511363636364,9,0.0511363636364,5,0.0284090909091,Uterine Corpus Endometrial Carcinoma,UCEC,Breast & female reproductive system,176,TCGA,GCM1,GCM1
ENSG00000137270,Kidney Renal Clear Cell Carcinoma (validation),100,100,37.7076,8.2799,0,0.377076,78,0.78,6,0.06,3,0.03,1,0.01,Kidney Renal Clear Cell Carcinoma,KIRC,Kidney & Urinary bladder,100,validation,GCM1,GCM1
ENSG00000137270,Colon Adenocarcinoma (validation),486,486,231.5212,5.4741,0,0.476381069959,471,0.969135802469,24,0.0493827160494,8,0.0164609053498,1,0.00205761316872,Colon Adenocarcinoma,COAD,Gastrointestinal tract,486,validation,GCM1,GCM1
ENSG00000137270,Glioblastoma Multiforme (validation),58,58,12.1627,0.9465,0,0.209701724138,41,0.706896551724,0,0.0,0,0.0,0,0.0,Glioblastoma Multiforme,GBM,Brain,58,validation,GCM1,GCM1
ENSG00000137270,Lung Adenocarcinoma (validation),105,105,33.0397,2.3581,0,0.314663809524,89,0.847619047619,3,0.0285714285714,1,0.00952380952381,0,0.0,Lung Adenocarcinoma,LUAD,Respiratory system,105,validation,GCM1,GCM1
ENSG00000137270,Lung Squamous Cell Carcinoma (validation),68,68,14.2007,1.6478,0,0.208833823529,51,0.75,1,0.0147058823529,0,0.0,0,0.0,Lung Squamous Cell Carcinoma,LUSC,Respiratory system,68,validation,GCM1,GCM1
ENSG00000137270,Ovary Serous Cystadenocarcinoma (validation),81,81,8.0668,2.0041,0,0.0995901234568,16,0.197530864198,2,0.0246913580247,1,0.0123456790123,0,0.0,Ovary Serous Cystadenocarcinoma,OV,Breast & female reproductive system,81,validation,GCM1,GCM1
ENSG00000137270,Rectum Adenocarcinoma (validation),207,207,140.2284,29.8164,0,0.677431884058,205,0.990338164251,21,0.101449275362,5,0.024154589372,1,0.0048309178744,Rectum Adenocarcinoma,READ,Gastrointestinal tract,207,validation,GCM1,GCM1
ENSG00000137270,Breast Invasive Carcinoma (validation),50,50,125.3158,14.2718,0,2.506316,49,0.98,23,0.46,18,0.36,7,0.14,Breast Invasive Carcinoma,BRCA,Breast & female reproductive system,50,validation,GCM1,GCM1
ENSG00000137270,Liver Hepatocellular Carcinoma (validation),231,231,44.0353,6.8202,0,0.190629004329,80,0.34632034632,9,0.038961038961,3,0.012987012987,1,0.004329004329,Liver Hepatocellular Carcinoma,LIHC,Liver & Gallbladder,231,validation,GCM1,GCM1
ENSG00000137270,Pancreatic Adenocarcinoma (validation),80,80,38.2706,9.1082,0,0.4783825,60,0.75,7,0.0875,3,0.0375,1,0.0125,Pancreatic Adenocarcinoma,PAAD,Pancreas,80,validation,GCM1,GCM1
ENSG00000120211,Bladder Urothelial Carcinoma (TCGA),169,169,38.4279,13.6037,0,0.227384023669,20,0.118343195266,8,0.0473372781065,4,0.0236686390533,2,0.0118343195266,Bladder Urothelial Carcinoma,BLCA,Kidney & Urinary bladder,169,TCGA,,INSL4
ENSG00000120211,Breast Invasive Carcinoma (TCGA),1022,1022,52.8618,7.0152,0,0.0517238747554,35,0.0342465753425,7,0.00684931506849,6,0.00587084148728,2,0.00195694716243,Breast Invasive Carcinoma,BRCA,Breast & female reproductive system,1022,TCGA,,INSL4
ENSG00000120211,Cervical Squamous Cell Carcinoma and Endocervical Adenocarcinoma (TCGA),283,283,195.8512,58.5767,0,0.692053710247,45,0.159010600707,19,0.0671378091873,14,0.0494699646643,7,0.0247349823322,Cervical Squamous Cell Carcinoma and Endocervical Adenocarcinoma,CESC,Breast & female reproductive system,283,TCGA,,INSL4
ENSG00000120211,Colon Adenocarcinoma (TCGA),254,254,60.7461,23.6636,0,0.239157874016,35,0.137795275591,7,0.0275590551181,5,0.0196850393701,3,0.011811023622,Colon Adenocarcinoma,COAD,Gastrointestinal tract,254,TCGA,,INSL4
ENSG00000120211,Glioblastoma Multiforme (TCGA),141,141,5.7487,0.3018,0,0.0407709219858,10,0.0709219858156,0,0.0,0,0.0,0,0.0,Glioblastoma Multiforme,GBM,Brain,141,TCGA,,INSL4
ENSG00000120211,Head and Neck Squamous Cell Carcinoma (TCGA),492,492,21.6804,3.4069,0,0.0440658536585,30,0.0609756097561,2,0.00406504065041,1,0.0020325203252,0,0.0,Head and Neck Squamous Cell Carcinoma,HNSC,Gastrointestinal tract,492,TCGA,,INSL4
ENSG00000120211,Kidney Chromophobe (TCGA),64,64,0.5015,0.0621,0,0.0078359375,0,0.0,0,0.0,0,0.0,0,0.0,Kidney Chromophobe,KICH,Kidney & Urinary bladder,64,TCGA,,INSL4
ENSG00000120211,Kidney Renal Clear Cell Carcinoma (TCGA),521,521,23.2905,2.5879,0,0.0447034548944,32,0.0614203454894,2,0.00383877159309,1,0.00191938579655,0,0.0,Kidney Renal Clear Cell Carcinoma,KIRC,Kidney & Urinary bladder,521,TCGA,,INSL4
ENSG00000120211,Kidney Renal Papillary Cell Carcinoma (TCGA),282,282,7.4187,2.6865,0,0.0263074468085,5,0.0177304964539,1,0.00354609929078,1,0.00354609929078,0,0.0,Kidney Renal Papillary Cell Carcinoma,KIRP,Kidney & Urinary bladder,282,TCGA,,INSL4
ENSG00000120211,Liver Hepatocellular Carcinoma (TCGA),362,362,9.7645,1.6622,0,0.0269737569061,7,0.0193370165746,1,0.00276243093923,0,0.0,0,0.0,Liver Hepatocellular Carcinoma,LIHC,Liver & Gallbladder,362,TCGA,,INSL4
ENSG00000120211,Lung Adenocarcinoma (TCGA),497,497,1967.1049,160.986,0,3.95795754527,155,0.311871227364,80,0.160965794769,67,0.134808853119,53,0.106639839034,Lung Adenocarcinoma,LUAD,Respiratory system,497,TCGA,,INSL4
ENSG00000120211,Lung Squamous Cell Carcinoma (TCGA),489,489,137.1897,28.8359,0,0.280551533742,70,0.143149284254,9,0.0184049079755,8,0.0163599182004,5,0.0102249488753,Lung Squamous Cell Carcinoma,LUSC,Respiratory system,489,TCGA,,INSL4
ENSG00000120211,Ovary Serous Cystadenocarcinoma (TCGA),349,349,43.2129,7.9775,0,0.123819197708,90,0.25787965616,3,0.00859598853868,2,0.00573065902579,1,0.00286532951289,Ovary Serous Cystadenocarcinoma,OV,Breast & female reproductive system,349,TCGA,,INSL4
ENSG00000120211,Pancreatic Adenocarcinoma (TCGA),176,176,41.2728,28.9662,0,0.234504545455,18,0.102272727273,3,0.0170454545455,2,0.0113636363636,1,0.00568181818182,Pancreatic Adenocarcinoma,PAAD,Pancreas,176,TCGA,,INSL4
ENSG00000120211,Prostate Adenocarcinoma (TCGA),480,480,11.9584,0.2757,0,0.0249133333333,25,0.0520833333333,0,0.0,0,0.0,0,0.0,Prostate Adenocarcinoma,PRAD,Male reproductive system,480,TCGA,,INSL4
ENSG00000120211,Rectum Adenocarcinoma (TCGA),88,88,4.004,0.4505,0,0.0455,6,0.0681818181818,0,0.0,0,0.0,0,0.0,Rectum Adenocarcinoma,READ,Gastrointestinal tract,88,TCGA,,INSL4
ENSG00000120211,Skin Cuteneous Melanoma (TCGA),99,99,3.9318,1.0866,0,0.0397151515152,7,0.0707070707071,1,0.010101010101,0,0.0,0,0.0,Skin Cuteneous Melanoma,SKCM,Skin,99,TCGA,,INSL4
ENSG00000120211,Stomach Adenocarcinoma (TCGA),346,346,174.7329,16.8311,0,0.505008381503,276,0.797687861272,36,0.104046242775,15,0.0433526011561,3,0.00867052023121,Stomach Adenocarcinoma,STAD,Gastrointestinal tract,346,TCGA,,INSL4
ENSG00000120211,Testicular Germ Cell Tumor (TCGA),133,133,13.2011,3.3676,0,0.0992563909774,10,0.0751879699248,5,0.0375939849624,1,0.00751879699248,0,0.0,Testicular Germ Cell Tumor,TGCT,Male reproductive system,133,TCGA,,INSL4
ENSG00000120211,Thyroid Carcinoma (TCGA),495,495,7.7901,0.1144,0,0.0157375757576,2,0.0040404040404,0,0.0,0,0.0,0,0.0,Thyroid Carcinoma,THCA,Endocrine tissues,495,TCGA,,INSL4
ENSG00000120211,Uterine Corpus Endometrial Carcinoma (TCGA),176,176,78.2293,23.7848,0,0.444484659091,15,0.0852272727273,5,0.0284090909091,4,0.0227272727273,4,0.0227272727273,Uterine Corpus Endometrial Carcinoma,UCEC,Breast & female reproductive system,176,TCGA,,INSL4
ENSG00000120211,Kidney Renal Clear Cell Carcinoma (validation),100,100,12.0338,0.3142,0,0.120338,57,0.57,0,0.0,0,0.0,0,0.0,Kidney Renal Clear Cell Carcinoma,KIRC,Kidney & Urinary bladder,100,validation,,INSL4
ENSG00000120211,Colon Adenocarcinoma (validation),486,486,281.305,12.4259,0,0.578816872428,476,0.979423868313,32,0.0658436213992,6,0.0123456790123,2,0.00411522633745,Colon Adenocarcinoma,COAD,Gastrointestinal tract,486,validation,,INSL4
ENSG00000120211,Glioblastoma Multiforme (validation),58,58,4.4111,2.3327,0,0.0760534482759,7,0.120689655172,1,0.0172413793103,1,0.0172413793103,0,0.0,Glioblastoma Multiforme,GBM,Brain,58,validation,,INSL4
ENSG00000120211,Lung Adenocarcinoma (validation),105,105,216.9186,59.9978,0,2.06589142857,75,0.714285714286,15,0.142857142857,15,0.142857142857,9,0.0857142857143,Lung Adenocarcinoma,LUAD,Respiratory system,105,validation,,INSL4
ENSG00000120211,Lung Squamous Cell Carcinoma (validation),68,68,20.1045,3.0758,0,0.295654411765,51,0.75,2,0.0294117647059,1,0.0147058823529,0,0.0,Lung Squamous Cell Carcinoma,LUSC,Respiratory system,68,validation,,INSL4
ENSG00000120211,Ovary Serous Cystadenocarcinoma (validation),81,81,4.9101,1.6531,0,0.0606185185185,5,0.0617283950617,2,0.0246913580247,0,0.0,0,0.0,Ovary Serous Cystadenocarcinoma,OV,Breast & female reproductive system,81,validation,,INSL4
ENSG00000120211,Rectum Adenocarcinoma (validation),207,207,184.3759,42.6785,0,0.890704830918,204,0.985507246377,29,0.140096618357,5,0.024154589372,2,0.00966183574879,Rectum Adenocarcinoma,READ,Gastrointestinal tract,207,validation,,INSL4
ENSG00000120211,Breast Invasive Carcinoma (validation),50,50,13.9751,6.481,0,0.279502,6,0.12,2,0.04,2,0.04,1,0.02,Breast Invasive Carcinoma,BRCA,Breast & female reproductive system,50,validation,,INSL4
ENSG00000120211,Liver Hepatocellular Carcinoma (validation),231,231,19.7039,8.4018,0,0.0852982683983,24,0.103896103896,3,0.012987012987,3,0.012987012987,1,0.004329004329,Liver Hepatocellular Carcinoma,LIHC,Liver & Gallbladder,231,validation,,INSL4
ENSG00000120211,Pancreatic Adenocarcinoma (validation),80,80,6.8066,1.8305,0,0.0850825,12,0.15,2,0.025,0,0.0,0,0.0,Pancreatic Adenocarcinoma,PAAD,Pancreas,80,validation,,INSL4
ENSG00000169495,Bladder Urothelial Carcinoma (TCGA),169,169,262.5804,107.07,0,1.55373017751,111,0.656804733728,25,0.147928994083,16,0.094674556213,7,0.0414201183432,Bladder Urothelial Carcinoma,BLCA,Kidney & Urinary bladder,169,TCGA,HTRA4,HTRA4
ENSG00000169495,Breast Invasive Carcinoma (TCGA),1022,1022,973.6602,20.6208,0,0.952700782779,1016,0.994129158513,314,0.307240704501,69,0.0675146771037,5,0.00489236790607,Breast Invasive Carcinoma,BRCA,Breast & female reproductive system,1022,TCGA,HTRA4,HTRA4
ENSG00000169495,Cervical Squamous Cell Carcinoma and Endocervical Adenocarcinoma (TCGA),283,283,217.1508,15.7783,0,0.767317314488,197,0.696113074205,55,0.194346289753,25,0.0883392226148,6,0.0212014134276,Cervical Squamous Cell Carcinoma and Endocervical Adenocarcinoma,CESC,Breast & female reproductive system,283,TCGA,HTRA4,HTRA4
ENSG00000169495,Colon Adenocarcinoma (TCGA),254,254,163.7116,9.6777,0,0.644533858268,246,0.968503937008,30,0.11811023622,8,0.0314960629921,2,0.00787401574803,Colon Adenocarcinoma,COAD,Gastrointestinal tract,254,TCGA,HTRA4,HTRA4
ENSG00000169495,Glioblastoma Multiforme (TCGA),141,141,120.7869,10.0318,0,0.856644680851,141,1.0,27,0.191489361702,7,0.0496453900709,2,0.0141843971631,Glioblastoma Multiforme,GBM,Brain,141,TCGA,HTRA4,HTRA4
ENSG00000169495,Head and Neck Squamous Cell Carcinoma (TCGA),492,492,237.2416,7.6745,0,0.482198373984,453,0.920731707317,41,0.0833333333333,11,0.0223577235772,2,0.00406504065041,Head and Neck Squamous Cell Carcinoma,HNSC,Gastrointestinal tract,492,TCGA,HTRA4,HTRA4
ENSG00000169495,Kidney Chromophobe (TCGA),64,64,42.6802,4.5129,0,0.666878125,43,0.671875,14,0.21875,4,0.0625,0,0.0,Kidney Chromophobe,KICH,Kidney & Urinary bladder,64,TCGA,HTRA4,HTRA4
ENSG00000169495,Kidney Renal Clear Cell Carcinoma (TCGA),521,521,830.3896,14.0674,0,1.59383800384,519,0.996161228407,292,0.560460652591,120,0.230326295585,20,0.0383877159309,Kidney Renal Clear Cell Carcinoma,KIRC,Kidney & Urinary bladder,521,TCGA,HTRA4,HTRA4
ENSG00000169495,Kidney Renal Papillary Cell Carcinoma (TCGA),282,282,635.8994,45.1673,0,2.25496241135,231,0.81914893617,143,0.507092198582,89,0.315602836879,35,0.124113475177,Kidney Renal Papillary Cell Carcinoma,KIRP,Kidney & Urinary bladder,282,TCGA,HTRA4,HTRA4
ENSG00000169495,Liver Hepatocellular Carcinoma (TCGA),362,362,137.5113,5.4722,0,0.379865469613,323,0.89226519337,18,0.0497237569061,7,0.0193370165746,1,0.00276243093923,Liver Hepatocellular Carcinoma,LIHC,Liver & Gallbladder,362,TCGA,HTRA4,HTRA4
ENSG00000169495,Lung Adenocarcinoma (TCGA),497,497,952.6234,34.4656,0,1.9167472837,497,1.0,320,0.643863179074,150,0.301810865191,24,0.0482897384306,Lung Adenocarcinoma,LUAD,Respiratory system,497,TCGA,HTRA4,HTRA4
ENSG00000169495,Lung Squamous Cell Carcinoma (TCGA),489,489,669.7378,15.6832,0,1.36960695297,488,0.997955010225,257,0.525562372188,87,0.177914110429,8,0.0163599182004,Lung Squamous Cell Carcinoma,LUSC,Respiratory system,489,TCGA,HTRA4,HTRA4
ENSG00000169495,Ovary Serous Cystadenocarcinoma (TCGA),349,349,263.1923,4.1569,0,0.754132664756,347,0.994269340974,79,0.226361031519,6,0.0171919770774,0,0.0,Ovary Serous Cystadenocarcinoma,OV,Breast & female reproductive system,349,TCGA,HTRA4,HTRA4
ENSG00000169495,Pancreatic Adenocarcinoma (TCGA),176,176,186.3293,6.0307,0,1.05868920455,176,1.0,68,0.386363636364,14,0.0795454545455,3,0.0170454545455,Pancreatic Adenocarcinoma,PAAD,Pancreas,176,TCGA,HTRA4,HTRA4
ENSG00000169495,Prostate Adenocarcinoma (TCGA),480,480,299.0159,3.2805,0,0.622949791667,477,0.99375,53,0.110416666667,8,0.0166666666667,0,0.0,Prostate Adenocarcinoma,PRAD,Male reproductive system,480,TCGA,HTRA4,HTRA4
ENSG00000169495,Rectum Adenocarcinoma (TCGA),88,88,45.4217,2.5893,0,0.516155681818,84,0.954545454545,7,0.0795454545455,1,0.0113636363636,0,0.0,Rectum Adenocarcinoma,READ,Gastrointestinal tract,88,TCGA,HTRA4,HTRA4
ENSG00000169495,Skin Cuteneous Melanoma (TCGA),99,99,57.8479,5.5124,0,0.584322222222,76,0.767676767677,18,0.181818181818,5,0.0505050505051,1,0.010101010101,Skin Cuteneous Melanoma,SKCM,Skin,99,TCGA,HTRA4,HTRA4
ENSG00000169495,Stomach Adenocarcinoma (TCGA),346,346,518.9457,11.0248,0,1.49984306358,346,1.0,205,0.592485549133,71,0.205202312139,10,0.028901734104,Stomach Adenocarcinoma,STAD,Gastrointestinal tract,346,TCGA,HTRA4,HTRA4
ENSG00000169495,Testicular Germ Cell Tumor (TCGA),133,133,554.5753,100.062,0,4.16973909774,102,0.766917293233,67,0.503759398496,47,0.353383458647,25,0.187969924812,Testicular Germ Cell Tumor,TGCT,Male reproductive system,133,TCGA,HTRA4,HTRA4
ENSG00000169495,Thyroid Carcinoma (TCGA),495,495,367.9437,9.4942,0,0.743320606061,490,0.989898989899,113,0.228282828283,17,0.0343434343434,2,0.0040404040404,Thyroid Carcinoma,THCA,Endocrine tissues,495,TCGA,HTRA4,HTRA4
ENSG00000169495,Uterine Corpus Endometrial Carcinoma (TCGA),176,176,139.5845,10.4683,0,0.79309375,112,0.636363636364,21,0.119318181818,11,0.0625,9,0.0511363636364,Uterine Corpus Endometrial Carcinoma,UCEC,Breast & female reproductive system,176,TCGA,HTRA4,HTRA4
ENSG00000169495,Kidney Renal Clear Cell Carcinoma (validation),100,100,339.6832,54.9113,0,3.396832,100,1.0,86,0.86,54,0.54,13,0.13,Kidney Renal Clear Cell Carcinoma,KIRC,Kidney & Urinary bladder,100,validation,HTRA4,HTRA4
ENSG00000169495,Colon Adenocarcinoma (validation),486,486,2949.3636,18.2897,0,6.06864938272,486,1.0,486,1.0,483,0.993827160494,303,0.623456790123,Colon Adenocarcinoma,COAD,Gastrointestinal tract,486,validation,HTRA4,HTRA4
ENSG00000169495,Glioblastoma Multiforme (validation),58,58,101.3964,10.5902,0,1.7482137931,58,1.0,36,0.620689655172,12,0.206896551724,3,0.051724137931,Glioblastoma Multiforme,GBM,Brain,58,validation,HTRA4,HTRA4
ENSG00000169495,Lung Adenocarcinoma (validation),105,105,585.4651,66.2041,0,5.57585809524,105,1.0,104,0.990476190476,92,0.87619047619,38,0.361904761905,Lung Adenocarcinoma,LUAD,Respiratory system,105,validation,HTRA4,HTRA4
ENSG00000169495,Lung Squamous Cell Carcinoma (validation),68,68,286.5984,17.8433,0,4.21468235294,68,1.0,66,0.970588235294,57,0.838235294118,18,0.264705882353,Lung Squamous Cell Carcinoma,LUSC,Respiratory system,68,validation,HTRA4,HTRA4
ENSG00000169495,Ovary Serous Cystadenocarcinoma (validation),81,81,19.3131,1.4604,0,0.238433333333,60,0.740740740741,1,0.0123456790123,0,0.0,0,0.0,Ovary Serous Cystadenocarcinoma,OV,Breast & female reproductive system,81,validation,HTRA4,HTRA4
ENSG00000169495,Rectum Adenocarcinoma (validation),207,207,1489.2504,257.783,0,7.19444637681,207,1.0,207,1.0,206,0.995169082126,132,0.63768115942,Rectum Adenocarcinoma,READ,Gastrointestinal tract,207,validation,HTRA4,HTRA4
ENSG00000169495,Breast Invasive Carcinoma (validation),50,50,148.6985,15.8402,0,2.97397,50,1.0,34,0.68,26,0.52,10,0.2,Breast Invasive Carcinoma,BRCA,Breast & female reproductive system,50,validation,HTRA4,HTRA4
ENSG00000169495,Liver Hepatocellular Carcinoma (validation),231,231,445.2967,102.825,0,1.92769134199,189,0.818181818182,55,0.238095238095,34,0.147186147186,12,0.0519480519481,Liver Hepatocellular Carcinoma,LIHC,Liver & Gallbladder,231,validation,HTRA4,HTRA4
ENSG00000169495,Pancreatic Adenocarcinoma (validation),80,80,121.6616,40.8373,0,1.52077,80,1.0,33,0.4125,9,0.1125,1,0.0125,Pancreatic Adenocarcinoma,PAAD,Pancreas,80,validation,HTRA4,HTRA4
ENSG00000137869,Bladder Urothelial Carcinoma (TCGA),169,169,223.1359,42.1072,0,1.32033076923,92,0.544378698225,21,0.12426035503,17,0.100591715976,12,0.0710059171598,Bladder Urothelial Carcinoma,BLCA,Kidney & Urinary bladder,169,TCGA,CYP19A1,CYP19A1
ENSG00000137869,Breast Invasive Carcinoma (TCGA),1022,1022,349.5827,15.019,0,0.342057436399,685,0.670254403131,59,0.0577299412916,14,0.013698630137,5,0.00489236790607,Breast Invasive Carcinoma,BRCA,Breast & female reproductive system,1022,TCGA,CYP19A1,CYP19A1
ENSG00000137869,Cervical Squamous Cell Carcinoma and Endocervical Adenocarcinoma (TCGA),283,283,87.8172,18.8504,0,0.310308127208,94,0.332155477032,10,0.0353356890459,6,0.0212014134276,4,0.0141342756184,Cervical Squamous Cell Carcinoma and Endocervical Adenocarcinoma,CESC,Breast & female reproductive system,283,TCGA,CYP19A1,CYP19A1
ENSG00000137869,Colon Adenocarcinoma (TCGA),254,254,77.4604,6.8907,0,0.304962204724,177,0.696850393701,10,0.0393700787402,4,0.0157480314961,1,0.00393700787402,Colon Adenocarcinoma,COAD,Gastrointestinal tract,254,TCGA,CYP19A1,CYP19A1
ENSG00000137869,Glioblastoma Multiforme (TCGA),141,141,361.8394,29.8743,0,2.56623687943,141,1.0,98,0.695035460993,60,0.425531914894,11,0.0780141843972,Glioblastoma Multiforme,GBM,Brain,141,TCGA,CYP19A1,CYP19A1
ENSG00000137869,Head and Neck Squamous Cell Carcinoma (TCGA),492,492,198.1807,4.5857,0,0.402806300813,413,0.839430894309,36,0.0731707317073,9,0.0182926829268,0,0.0,Head and Neck Squamous Cell Carcinoma,HNSC,Gastrointestinal tract,492,TCGA,CYP19A1,CYP19A1
ENSG00000137869,Kidney Chromophobe (TCGA),64,64,116.6484,114.437,0,1.82263125,9,0.140625,1,0.015625,1,0.015625,1,0.015625,Kidney Chromophobe,KICH,Kidney & Urinary bladder,64,TCGA,CYP19A1,CYP19A1
ENSG00000137869,Kidney Renal Clear Cell Carcinoma (TCGA),521,521,98.258,3.7353,0,0.188595009597,246,0.47216890595,13,0.0249520153551,3,0.00575815738964,0,0.0,Kidney Renal Clear Cell Carcinoma,KIRC,Kidney & Urinary bladder,521,TCGA,CYP19A1,CYP19A1
ENSG00000137869,Kidney Renal Papillary Cell Carcinoma (TCGA),282,282,41.5964,9.1471,0,0.147504964539,78,0.276595744681,5,0.0177304964539,3,0.0106382978723,1,0.00354609929078,Kidney Renal Papillary Cell Carcinoma,KIRP,Kidney & Urinary bladder,282,TCGA,CYP19A1,CYP19A1
ENSG00000137869,Liver Hepatocellular Carcinoma (TCGA),362,362,409.7789,59.6722,0,1.1319859116,113,0.312154696133,34,0.0939226519337,25,0.0690607734807,11,0.0303867403315,Liver Hepatocellular Carcinoma,LIHC,Liver & Gallbladder,362,TCGA,CYP19A1,CYP19A1
ENSG00000137869,Lung Adenocarcinoma (TCGA),497,497,186.9974,4.0961,0,0.376252313883,397,0.798792756539,35,0.0704225352113,13,0.0261569416499,0,0.0,Lung Adenocarcinoma,LUAD,Respiratory system,497,TCGA,CYP19A1,CYP19A1
ENSG00000137869,Lung Squamous Cell Carcinoma (TCGA),489,489,222.9158,6.2056,0,0.455860531697,439,0.897750511247,32,0.0654396728016,10,0.0204498977505,1,0.00204498977505,Lung Squamous Cell Carcinoma,LUSC,Respiratory system,489,TCGA,CYP19A1,CYP19A1
ENSG00000137869,Ovary Serous Cystadenocarcinoma (TCGA),349,349,97.6732,7.9609,0,0.279865902579,214,0.613180515759,14,0.0401146131805,11,0.0315186246418,1,0.00286532951289,Ovary Serous Cystadenocarcinoma,OV,Breast & female reproductive system,349,TCGA,CYP19A1,CYP19A1
ENSG00000137869,Pancreatic Adenocarcinoma (TCGA),176,176,90.5499,5.8284,0,0.514488068182,159,0.903409090909,19,0.107954545455,4,0.0227272727273,1,0.00568181818182,Pancreatic Adenocarcinoma,PAAD,Pancreas,176,TCGA,CYP19A1,CYP19A1
ENSG00000137869,Prostate Adenocarcinoma (TCGA),480,480,30.2442,0.5757,0,0.06300875,110,0.229166666667,0,0.0,0,0.0,0,0.0,Prostate Adenocarcinoma,PRAD,Male reproductive system,480,TCGA,CYP19A1,CYP19A1
ENSG00000137869,Rectum Adenocarcinoma (TCGA),88,88,24.835,2.0971,0,0.282215909091,64,0.727272727273,6,0.0681818181818,1,0.0113636363636,0,0.0,Rectum Adenocarcinoma,READ,Gastrointestinal tract,88,TCGA,CYP19A1,CYP19A1
ENSG00000137869,Skin Cuteneous Melanoma (TCGA),99,99,99.3289,54.4434,0,1.00332222222,41,0.414141414141,10,0.10101010101,5,0.0505050505051,3,0.030303030303,Skin Cuteneous Melanoma,SKCM,Skin,99,TCGA,CYP19A1,CYP19A1
ENSG00000137869,Stomach Adenocarcinoma (TCGA),346,346,197.8422,20.3153,0,0.571798265896,272,0.78612716763,42,0.121387283237,15,0.0433526011561,4,0.0115606936416,Stomach Adenocarcinoma,STAD,Gastrointestinal tract,346,TCGA,CYP19A1,CYP19A1
ENSG00000137869,Testicular Germ Cell Tumor (TCGA),133,133,65.8712,16.833,0,0.495272180451,55,0.413533834586,12,0.0902255639098,7,0.0526315789474,3,0.0225563909774,Testicular Germ Cell Tumor,TGCT,Male reproductive system,133,TCGA,CYP19A1,CYP19A1
ENSG00000137869,Thyroid Carcinoma (TCGA),495,495,100.7263,5.6849,0,0.203487474747,202,0.408080808081,18,0.0363636363636,10,0.020202020202,1,0.0020202020202,Thyroid Carcinoma,THCA,Endocrine tissues,495,TCGA,CYP19A1,CYP19A1
ENSG00000137869,Uterine Corpus Endometrial Carcinoma (TCGA),176,176,27.8787,16.6213,0,0.158401704545,36,0.204545454545,1,0.00568181818182,1,0.00568181818182,1,0.00568181818182,Uterine Corpus Endometrial Carcinoma,UCEC,Breast & female reproductive system,176,TCGA,CYP19A1,CYP19A1
ENSG00000137869,Kidney Renal Clear Cell Carcinoma (validation),100,100,18.2003,1.3089,0,0.182003,42,0.42,4,0.04,0,0.0,0,0.0,Kidney Renal Clear Cell Carcinoma,KIRC,Kidney & Urinary bladder,100,validation,CYP19A1,CYP19A1
ENSG00000137869,Colon Adenocarcinoma (validation),486,486,1249.662,27.3989,0,2.57132098765,483,0.993827160494,346,0.711934156379,199,0.409465020576,62,0.127572016461,Colon Adenocarcinoma,COAD,Gastrointestinal tract,486,validation,CYP19A1,CYP19A1
ENSG00000137869,Glioblastoma Multiforme (validation),58,58,198.4074,15.5698,0,3.42081724138,58,1.0,47,0.810344827586,32,0.551724137931,13,0.224137931034,Glioblastoma Multiforme,GBM,Brain,58,validation,CYP19A1,CYP19A1
ENSG00000137869,Lung Adenocarcinoma (validation),105,105,69.864,3.9963,0,0.665371428571,94,0.895238095238,21,0.2,6,0.0571428571429,0,0.0,Lung Adenocarcinoma,LUAD,Respiratory system,105,validation,CYP19A1,CYP19A1
ENSG00000137869,Lung Squamous Cell Carcinoma (validation),68,68,71.3533,7.1018,0,1.04931323529,65,0.955882352941,24,0.352941176471,9,0.132352941176,2,0.0294117647059,Lung Squamous Cell Carcinoma,LUSC,Respiratory system,68,validation,CYP19A1,CYP19A1
ENSG00000137869,Ovary Serous Cystadenocarcinoma (validation),81,81,15.6672,3.4911,0,0.193422222222,37,0.456790123457,1,0.0123456790123,1,0.0123456790123,0,0.0,Ovary Serous Cystadenocarcinoma,OV,Breast & female reproductive system,81,validation,CYP19A1,CYP19A1
ENSG00000137869,Rectum Adenocarcinoma (validation),207,207,627.5311,149.0,0,3.03155120773,206,0.995169082126,142,0.685990338164,77,0.371980676329,23,0.111111111111,Rectum Adenocarcinoma,READ,Gastrointestinal tract,207,validation,CYP19A1,CYP19A1
ENSG00000137869,Breast Invasive Carcinoma (validation),50,50,66.4158,4.3437,0,1.328316,48,0.96,29,0.58,12,0.24,0,0.0,Breast Invasive Carcinoma,BRCA,Breast & female reproductive system,50,validation,CYP19A1,CYP19A1
ENSG00000137869,Liver Hepatocellular Carcinoma (validation),231,231,199.7703,55.5682,0,0.864806493506,87,0.376623376623,27,0.116883116883,14,0.0606060606061,7,0.030303030303,Liver Hepatocellular Carcinoma,LIHC,Liver & Gallbladder,231,validation,CYP19A1,CYP19A1
ENSG00000137869,Pancreatic Adenocarcinoma (validation),80,80,131.5229,73.2685,0,1.64403625,67,0.8375,16,0.2,5,0.0625,2,0.025,Pancreatic Adenocarcinoma,PAAD,Pancreas,80,validation,CYP19A1,CYP19A1
ENSG00000170498,Bladder Urothelial Carcinoma (TCGA),169,169,4313.3736,2826.76,0,25.5229207101,122,0.721893491124,86,0.508875739645,73,0.431952662722,49,0.289940828402,Bladder Urothelial Carcinoma,BLCA,Kidney & Urinary bladder,169,TCGA,KISS1,KISS1
ENSG00000170498,Breast Invasive Carcinoma (TCGA),1022,1022,1240.9088,147.772,0,1.2141964775,875,0.856164383562,297,0.29060665362,136,0.133072407045,34,0.0332681017613,Breast Invasive Carcinoma,BRCA,Breast & female reproductive system,1022,TCGA,KISS1,KISS1
ENSG00000170498,Cervical Squamous Cell Carcinoma and Endocervical Adenocarcinoma (TCGA),283,283,475.637,68.0187,0,1.68069611307,143,0.505300353357,61,0.21554770318,42,0.148409893993,20,0.0706713780919,Cervical Squamous Cell Carcinoma and Endocervical Adenocarcinoma,CESC,Breast & female reproductive system,283,TCGA,KISS1,KISS1
ENSG00000170498,Colon Adenocarcinoma (TCGA),254,254,582.9197,20.4485,0,2.29495944882,247,0.972440944882,168,0.661417322835,89,0.350393700787,25,0.0984251968504,Colon Adenocarcinoma,COAD,Gastrointestinal tract,254,TCGA,KISS1,KISS1
ENSG00000170498,Glioblastoma Multiforme (TCGA),141,141,561.663,390.009,0,3.98342553191,91,0.645390070922,16,0.113475177305,9,0.063829787234,6,0.0425531914894,Glioblastoma Multiforme,GBM,Brain,141,TCGA,KISS1,KISS1
ENSG00000170498,Head and Neck Squamous Cell Carcinoma (TCGA),492,492,655.9317,232.006,0,1.3331945122,311,0.632113821138,72,0.146341463415,41,0.0833333333333,15,0.030487804878,Head and Neck Squamous Cell Carcinoma,HNSC,Gastrointestinal tract,492,TCGA,KISS1,KISS1
ENSG00000170498,Kidney Chromophobe (TCGA),64,64,36.906,14.308,0,0.57665625,31,0.484375,5,0.078125,3,0.046875,2,0.03125,Kidney Chromophobe,KICH,Kidney & Urinary bladder,64,TCGA,KISS1,KISS1
ENSG00000170498,Kidney Renal Clear Cell Carcinoma (TCGA),521,521,643.0614,213.185,0,1.23428291747,418,0.802303262956,93,0.178502879079,43,0.0825335892514,18,0.0345489443378,Kidney Renal Clear Cell Carcinoma,KIRC,Kidney & Urinary bladder,521,TCGA,KISS1,KISS1
ENSG00000170498,Kidney Renal Papillary Cell Carcinoma (TCGA),282,282,167.8684,18.7503,0,0.595278014184,105,0.372340425532,31,0.109929078014,16,0.0567375886525,8,0.0283687943262,Kidney Renal Papillary Cell Carcinoma,KIRP,Kidney & Urinary bladder,282,TCGA,KISS1,KISS1
ENSG00000170498,Liver Hepatocellular Carcinoma (TCGA),362,362,2539.9133,90.0667,0,7.01633508287,358,0.988950276243,323,0.89226519337,262,0.723756906077,144,0.397790055249,Liver Hepatocellular Carcinoma,LIHC,Liver & Gallbladder,362,TCGA,KISS1,KISS1
ENSG00000170498,Lung Adenocarcinoma (TCGA),497,497,1660.3934,70.2607,0,3.34083179074,473,0.951710261569,305,0.613682092555,205,0.412474849095,81,0.162977867203,Lung Adenocarcinoma,LUAD,Respiratory system,497,TCGA,KISS1,KISS1
ENSG00000170498,Lung Squamous Cell Carcinoma (TCGA),489,489,926.2602,309.204,0,1.89419263804,350,0.715746421268,98,0.200408997955,51,0.104294478528,20,0.040899795501,Lung Squamous Cell Carcinoma,LUSC,Respiratory system,489,TCGA,KISS1,KISS1
ENSG00000170498,Ovary Serous Cystadenocarcinoma (TCGA),349,349,461.4163,23.815,0,1.32210974212,317,0.908309455587,126,0.361031518625,57,0.163323782235,10,0.0286532951289,Ovary Serous Cystadenocarcinoma,OV,Breast & female reproductive system,349,TCGA,KISS1,KISS1
ENSG00000170498,Pancreatic Adenocarcinoma (TCGA),176,176,965.8996,425.494,0,5.48806590909,166,0.943181818182,101,0.573863636364,68,0.386363636364,27,0.153409090909,Pancreatic Adenocarcinoma,PAAD,Pancreas,176,TCGA,KISS1,KISS1
ENSG00000170498,Prostate Adenocarcinoma (TCGA),480,480,228.6641,7.1164,0,0.476383541667,367,0.764583333333,51,0.10625,15,0.03125,2,0.00416666666667,Prostate Adenocarcinoma,PRAD,Male reproductive system,480,TCGA,KISS1,KISS1
ENSG00000170498,Rectum Adenocarcinoma (TCGA),88,88,196.993,16.8524,0,2.23855681818,88,1.0,58,0.659090909091,30,0.340909090909,8,0.0909090909091,Rectum Adenocarcinoma,READ,Gastrointestinal tract,88,TCGA,KISS1,KISS1
ENSG00000170498,Skin Cuteneous Melanoma (TCGA),99,99,3.8219,0.9581,0,0.0386050505051,7,0.0707070707071,0,0.0,0,0.0,0,0.0,Skin Cuteneous Melanoma,SKCM,Skin,99,TCGA,KISS1,KISS1
ENSG00000170498,Stomach Adenocarcinoma (TCGA),346,346,742.4012,26.8012,0,2.14566820809,319,0.921965317919,183,0.528901734104,113,0.326589595376,39,0.112716763006,Stomach Adenocarcinoma,STAD,Gastrointestinal tract,346,TCGA,KISS1,KISS1
ENSG00000170498,Testicular Germ Cell Tumor (TCGA),133,133,203.2018,26.2376,0,1.52783308271,77,0.578947368421,41,0.308270676692,27,0.203007518797,11,0.0827067669173,Testicular Germ Cell Tumor,TGCT,Male reproductive system,133,TCGA,KISS1,KISS1
ENSG00000170498,Thyroid Carcinoma (TCGA),495,495,484.4831,73.7725,0,0.978753737374,406,0.820202020202,99,0.2,39,0.0787878787879,9,0.0181818181818,Thyroid Carcinoma,THCA,Endocrine tissues,495,TCGA,KISS1,KISS1
ENSG00000170498,Uterine Corpus Endometrial Carcinoma (TCGA),176,176,496.2169,124.762,0,2.81941420455,108,0.613636363636,66,0.375,48,0.272727272727,23,0.130681818182,Uterine Corpus Endometrial Carcinoma,UCEC,Breast & female reproductive system,176,TCGA,KISS1,KISS1
ENSG00000170498,Kidney Renal Clear Cell Carcinoma (validation),100,100,62.8607,13.8319,0,0.628607,75,0.75,17,0.17,4,0.04,1,0.01,Kidney Renal Clear Cell Carcinoma,KIRC,Kidney & Urinary bladder,100,validation,KISS1,KISS1
ENSG00000170498,Colon Adenocarcinoma (validation),486,486,533.1351,22.8184,0,1.09698580247,429,0.882716049383,184,0.378600823045,76,0.156378600823,7,0.0144032921811,Colon Adenocarcinoma,COAD,Gastrointestinal tract,486,validation,KISS1,KISS1
ENSG00000170498,Glioblastoma Multiforme (validation),58,58,6.429,0.9127,0,0.110844827586,19,0.327586206897,0,0.0,0,0.0,0,0.0,Glioblastoma Multiforme,GBM,Brain,58,validation,KISS1,KISS1
ENSG00000170498,Lung Adenocarcinoma (validation),105,105,57.0339,4.7555,0,0.54318,75,0.714285714286,15,0.142857142857,3,0.0285714285714,0,0.0,Lung Adenocarcinoma,LUAD,Respiratory system,105,validation,KISS1,KISS1
ENSG00000170498,Lung Squamous Cell Carcinoma (validation),68,68,30.381,6.9142,0,0.446779411765,33,0.485294117647,7,0.102941176471,4,0.0588235294118,1,0.0147058823529,Lung Squamous Cell Carcinoma,LUSC,Respiratory system,68,validation,KISS1,KISS1
ENSG00000170498,Ovary Serous Cystadenocarcinoma (validation),81,81,116.7643,45.0023,0,1.4415345679,59,0.728395061728,12,0.148148148148,9,0.111111111111,3,0.037037037037,Ovary Serous Cystadenocarcinoma,OV,Breast & female reproductive system,81,validation,KISS1,KISS1
ENSG00000170498,Rectum Adenocarcinoma (validation),207,207,229.6106,31.9952,0,1.10922995169,179,0.864734299517,67,0.323671497585,18,0.0869565217391,3,0.0144927536232,Rectum Adenocarcinoma,READ,Gastrointestinal tract,207,validation,KISS1,KISS1
ENSG00000170498,Breast Invasive Carcinoma (validation),50,50,126.9729,10.5604,0,2.539458,43,0.86,37,0.74,24,0.48,6,0.12,Breast Invasive Carcinoma,BRCA,Breast & female reproductive system,50,validation,KISS1,KISS1
ENSG00000170498,Liver Hepatocellular Carcinoma (validation),231,231,1268.0296,70.6669,0,5.48930562771,229,0.991341991342,187,0.809523809524,133,0.575757575758,67,0.290043290043,Liver Hepatocellular Carcinoma,LIHC,Liver & Gallbladder,231,validation,KISS1,KISS1
ENSG00000170498,Pancreatic Adenocarcinoma (validation),80,80,274.5874,146.757,0,3.4323425,64,0.8,24,0.3,14,0.175,9,0.1125,Pancreatic Adenocarcinoma,PAAD,Pancreas,80,validation,KISS1,KISS1
