Ensembl_Gene_ID,Symbol,historical_tag,comparison_sources,status,effect
ENSG00000068985,PAGE1,CTexploreR_CT,Loriot2025_S1,reproduced,Audit only; active provenance and plots use exact imported paper memberships
ENSG00000234068,PAGE2,CTexploreR_CT,Loriot2025_S1,reproduced,Audit only; active provenance and plots use exact imported paper memberships
ENSG00000158639,PAGE5,CTexploreR_CT,Loriot2025_S1,reproduced,Audit only; active provenance and plots use exact imported paper memberships
ENSG00000204379,XAGE1A,CTexploreR_CT,Loriot2025_S1,reproduced,Audit only; active provenance and plots use exact imported paper memberships
ENSG00000204382,XAGE1B,CTexploreR_CT,Loriot2025_S1,reproduced,Audit only; active provenance and plots use exact imported paper memberships
ENSG00000171405,XAGE5,CTexploreR_CT,Loriot2025_S1,reproduced,Audit only; active provenance and plots use exact imported paper memberships
ENSG00000189064,GAGE2A,CTexploreR_CT,Loriot2025_S1,reproduced,Audit only; active provenance and plots use exact imported paper memberships
ENSG00000216649,GAGE12E,CTexploreR_CT,Loriot2025_S1,reproduced,Audit only; active provenance and plots use exact imported paper memberships
ENSG00000274274,GAGE13,CTexploreR_CT,Loriot2025_S1,reproduced,Audit only; active provenance and plots use exact imported paper memberships
ENSG00000198681,MAGEA1,CTexploreR_CT,Loriot2025_S1,reproduced,Audit only; active provenance and plots use exact imported paper memberships
ENSG00000268606,MAGEA2,CTexploreR_CT,Loriot2025_S1,reproduced,Audit only; active provenance and plots use exact imported paper memberships
ENSG00000147381,MAGEA4,CTexploreR_CT,Loriot2025_S1,reproduced,Audit only; active provenance and plots use exact imported paper memberships
ENSG00000197172,MAGEA6,CTexploreR_CT,Loriot2025_S1,reproduced,Audit only; active provenance and plots use exact imported paper memberships
ENSG00000221867,MAGEA3,CTexploreR_CT,Loriot2025_S1,reproduced,Audit only; active provenance and plots use exact imported paper memberships
ENSG00000123584,MAGEA9,CTexploreR_CT,Loriot2025_S1,reproduced,Audit only; active provenance and plots use exact imported paper memberships
ENSG00000267978,MAGEA9B,CTexploreR_CT,Loriot2025_S1,reproduced,Audit only; active provenance and plots use exact imported paper memberships
ENSG00000124260,MAGEA10,CTexploreR_CT,Loriot2025_S1,reproduced,Audit only; active provenance and plots use exact imported paper memberships
ENSG00000185247,MAGEA11,CTexploreR_CT,Loriot2025_S1,reproduced,Audit only; active provenance and plots use exact imported paper memberships
ENSG00000214107,MAGEB1,CTexploreR_CT,Loriot2025_S1,reproduced,Audit only; active provenance and plots use exact imported paper memberships
ENSG00000099399,MAGEB2,CTexploreR_CT,Loriot2025_S1,reproduced,Audit only; active provenance and plots use exact imported paper memberships
ENSG00000189023,MAGEB16,CTexploreR_CT,Loriot2025_S1,reproduced,Audit only; active provenance and plots use exact imported paper memberships
ENSG00000155495,MAGEC1,CTexploreR_CT,Loriot2025_S1,reproduced,Audit only; active provenance and plots use exact imported paper memberships
ENSG00000046774,MAGEC2,CTexploreR_CT,Loriot2025_S1,reproduced,Audit only; active provenance and plots use exact imported paper memberships
ENSG00000227234,SPANXB1,CTexploreR_CT,Loriot2025_S1,reproduced,Audit only; active provenance and plots use exact imported paper memberships
ENSG00000198573,SPANXC,CTexploreR_CT,Loriot2025_S1,reproduced,Audit only; active provenance and plots use exact imported paper memberships
ENSG00000196406,SPANXD,CTexploreR_CT,Loriot2025_S1,reproduced,Audit only; active provenance and plots use exact imported paper memberships
ENSG00000268651,CTAG1A,CTexploreR_CT,Loriot2025_S1,reproduced,Audit only; active provenance and plots use exact imported paper memberships
ENSG00000184033,CTAG1B,CTexploreR_CT,Loriot2025_S1,reproduced,Audit only; active provenance and plots use exact imported paper memberships
ENSG00000126752,SSX1,CTexploreR_CT,Loriot2025_S1,reproduced,Audit only; active provenance and plots use exact imported paper memberships
ENSG00000241476,SSX2,CTexploreR_CT,Loriot2025_S1,reproduced,Audit only; active provenance and plots use exact imported paper memberships
ENSG00000268447,SSX2B,CTexploreR_CT,Loriot2025_S1,reproduced,Audit only; active provenance and plots use exact imported paper memberships
ENSG00000258992,TSPY1,CTexploreR_CT,Loriot2025_S1,reproduced,Audit only; active provenance and plots use exact imported paper memberships
ENSG00000168757,TSPY2,CTexploreR_CT,Loriot2025_S1,reproduced,Audit only; active provenance and plots use exact imported paper memberships
ENSG00000228927,TSPY3,CTexploreR_CT,Loriot2025_S1,reproduced,Audit only; active provenance and plots use exact imported paper memberships
ENSG00000233803,TSPY4,CTexploreR_CT,Loriot2025_S1,reproduced,Audit only; active provenance and plots use exact imported paper memberships
ENSG00000238074,TSPY9,CTexploreR_CT,Loriot2025_S1,reproduced,Audit only; active provenance and plots use exact imported paper memberships
ENSG00000176988,FMR1NB,CTexploreR_CT,Loriot2025_S1,reproduced,Audit only; active provenance and plots use exact imported paper memberships
ENSG00000273696,CT45A7,CTexploreR_CT,Loriot2025_S1,reproduced,Audit only; active provenance and plots use exact imported paper memberships
ENSG00000236371,CT47A1,CTexploreR_CT,Loriot2025_S1,reproduced,Audit only; active provenance and plots use exact imported paper memberships
ENSG00000226929,CT47A11,CTexploreR_CT,Loriot2025_S1,reproduced,Audit only; active provenance and plots use exact imported paper memberships
ENSG00000226685,CT47A12,CTexploreR_CT,Loriot2025_S1,reproduced,Audit only; active provenance and plots use exact imported paper memberships
ENSG00000137090,DMRT1,CTexploreR_CT,Loriot2025_S1,reproduced,Audit only; active provenance and plots use exact imported paper memberships
ENSG00000181433,SAGE1,CTexploreR_CT,Loriot2025_S1,reproduced,Audit only; active provenance and plots use exact imported paper memberships
ENSG00000124092,CTCFL,CTexploreR_CT,Loriot2025_S1,reproduced,Audit only; active provenance and plots use exact imported paper memberships
ENSG00000184735,DDX53,CTexploreR_CT,Loriot2025_S1,reproduced,Audit only; active provenance and plots use exact imported paper memberships
ENSG00000163530,DPPA2,CTexploreR_CT,Loriot2025_S1,reproduced,Audit only; active provenance and plots use exact imported paper memberships
ENSG00000132446,FTHL17,CTexploreR_CT,Loriot2025_S1,reproduced,Audit only; active provenance and plots use exact imported paper memberships
ENSG00000198765,SYCP1,CTexploreR_CT,Loriot2025_S1,reproduced,Audit only; active provenance and plots use exact imported paper memberships
ENSG00000137948,BRDT,CTexploreR_CT,Loriot2025_S1,reproduced,Audit only; active provenance and plots use exact imported paper memberships
ENSG00000205777,GAGE1,CTexploreR_CT,Loriot2025_S1,reproduced,Audit only; active provenance and plots use exact imported paper memberships
ENSG00000213401,MAGEA12,CTexploreR_CT,Loriot2025_S1,reproduced,Audit only; active provenance and plots use exact imported paper memberships
ENSG00000156009,MAGEA8,CTexploreR_CT,Loriot2025_S1,reproduced,Audit only; active provenance and plots use exact imported paper memberships
ENSG00000162039,MEIOB,CTexploreR_CT,Loriot2025_S1,reproduced,Audit only; active provenance and plots use exact imported paper memberships
ENSG00000166049,PASD1,CTexploreR_CT,Loriot2025_S1,reproduced,Audit only; active provenance and plots use exact imported paper memberships
ENSG00000244588,RAD21L1,CTexploreR_CT,Loriot2025_S1,reproduced,Audit only; active provenance and plots use exact imported paper memberships
ENSG00000142698,C1orf94,CTexploreR_CT,Loriot2025_S1,reproduced,Audit only; active provenance and plots use exact imported paper memberships
ENSG00000215817,ZC3H11B,CTexploreR_CT,Loriot2025_S1,reproduced,Audit only; active provenance and plots use exact imported paper memberships
ENSG00000162843,WDR64,CTexploreR_CT,Loriot2025_S1,reproduced,Audit only; active provenance and plots use exact imported paper memberships
ENSG00000196604,POTEF,CTexploreR_CT,Loriot2025_S1,reproduced,Audit only; active provenance and plots use exact imported paper memberships
ENSG00000170516,COX7B2,CTexploreR_CT,Loriot2025_S1,reproduced,Audit only; active provenance and plots use exact imported paper memberships
ENSG00000151962,RBM46,CTexploreR_CT,Loriot2025_S1,reproduced,Audit only; active provenance and plots use exact imported paper memberships
ENSG00000179046,TRIML2,CTexploreR_CT,Loriot2025_S1,reproduced,Audit only; active provenance and plots use exact imported paper memberships
ENSG00000251258,RFPL4B,CTexploreR_CT,Loriot2025_S1,reproduced,Audit only; active provenance and plots use exact imported paper memberships
ENSG00000241149,ZNF722,CTexploreR_CT,Loriot2025_S1,reproduced,Audit only; active provenance and plots use exact imported paper memberships
ENSG00000176566,DCAF4L2,CTexploreR_CT,Loriot2025_S1,reproduced,Audit only; active provenance and plots use exact imported paper memberships
ENSG00000230601,TEX48,CTexploreR_CT,Loriot2025_S1,reproduced,Audit only; active provenance and plots use exact imported paper memberships
ENSG00000198033,TUBA3C,CTexploreR_CT,Loriot2025_S1,reproduced,Audit only; active provenance and plots use exact imported paper memberships
ENSG00000174015,CBY2,CTexploreR_CT,Loriot2025_S1,reproduced,Audit only; active provenance and plots use exact imported paper memberships
ENSG00000172717,GARIN2,CTexploreR_CT,Loriot2025_S1,reproduced,Audit only; active provenance and plots use exact imported paper memberships
ENSG00000261649,GOLGA6L7,CTexploreR_CT,Loriot2025_S1,reproduced,Audit only; active provenance and plots use exact imported paper memberships
ENSG00000126856,PRDM7,CTexploreR_CT,Loriot2025_S1,reproduced,Audit only; active provenance and plots use exact imported paper memberships
ENSG00000141371,CHCT1,CTexploreR_CT,Loriot2025_S1,reproduced,Audit only; active provenance and plots use exact imported paper memberships
ENSG00000183206,POTEC,CTexploreR_CT,Loriot2025_S1,reproduced,Audit only; active provenance and plots use exact imported paper memberships
ENSG00000196350,ZNF729,CTexploreR_CT,Loriot2025_S1,reproduced,Audit only; active provenance and plots use exact imported paper memberships
ENSG00000268696,ZNF723,CTexploreR_CT,Loriot2025_S1,reproduced,Audit only; active provenance and plots use exact imported paper memberships
ENSG00000261949,GFY,CTexploreR_CT,Loriot2025_S1,reproduced,Audit only; active provenance and plots use exact imported paper memberships
ENSG00000125823,CSTL1,CTexploreR_CT,Loriot2025_S1,reproduced,Audit only; active provenance and plots use exact imported paper memberships
ENSG00000169059,VCX3A,CTexploreR_CT,Loriot2025_S1,reproduced,Audit only; active provenance and plots use exact imported paper memberships
ENSG00000182583,VCX,CTexploreR_CT,Loriot2025_S1,reproduced,Audit only; active provenance and plots use exact imported paper memberships
ENSG00000205642,VCX3B,CTexploreR_CT,Loriot2025_S1,reproduced,Audit only; active provenance and plots use exact imported paper memberships
ENSG00000224960,PPP4R3C,CTexploreR_CT,Loriot2025_S1,reproduced,Audit only; active provenance and plots use exact imported paper memberships
ENSG00000189186,DCAF8L2,CTexploreR_CT,Loriot2025_S1,reproduced,Audit only; active provenance and plots use exact imported paper memberships
ENSG00000165583,SSX5,CTexploreR_CT,Loriot2025_S1,reproduced,Audit only; active provenance and plots use exact imported paper memberships
ENSG00000215115,CXorf49,CTexploreR_CT,Loriot2025_S1,reproduced,Audit only; active provenance and plots use exact imported paper memberships
ENSG00000215113,CXorf49B,CTexploreR_CT,Loriot2025_S1,reproduced,Audit only; active provenance and plots use exact imported paper memberships
ENSG00000153779,TGIF2LX,CTexploreR_CT,Loriot2025_S1,reproduced,Audit only; active provenance and plots use exact imported paper memberships
ENSG00000123576,ESX1,CTexploreR_CT,Loriot2025_S1,reproduced,Audit only; active provenance and plots use exact imported paper memberships
ENSG00000282815,TEX13C,CTexploreR_CT,Loriot2025_S1,reproduced,Audit only; active provenance and plots use exact imported paper memberships
ENSG00000169551,CT55,CTexploreR_CT,Loriot2025_S1,reproduced,Audit only; active provenance and plots use exact imported paper memberships
ENSG00000269586,CT45A10,CTexploreR_CT,Loriot2025_S1,reproduced,Audit only; active provenance and plots use exact imported paper memberships
ENSG00000235699,CXorf51B,CTexploreR_CT,Loriot2025_S1,reproduced,Audit only; active provenance and plots use exact imported paper memberships
ENSG00000129864,VCY,CTexploreR_CT,Loriot2025_S1,reproduced,Audit only; active provenance and plots use exact imported paper memberships
ENSG00000129862,VCY1B,CTexploreR_CT,Loriot2025_S1,reproduced,Audit only; active provenance and plots use exact imported paper memberships
ENSG00000242875,RBMY1B,CTexploreR_CT,Loriot2025_S1,reproduced,Audit only; active provenance and plots use exact imported paper memberships
ENSG00000234414,RBMY1A1,CTexploreR_CT,Loriot2025_S1,reproduced,Audit only; active provenance and plots use exact imported paper memberships
ENSG00000242389,RBMY1E,CTexploreR_CT,Loriot2025_S1,reproduced,Audit only; active provenance and plots use exact imported paper memberships
ENSG00000223510,CDRT15,CTexploreR_CT,Loriot2025_S1,reproduced,Audit only; active provenance and plots use exact imported paper memberships
ENSG00000268940,CT45A1,CTexploreR_CT,Loriot2025_S1,reproduced,Audit only; active provenance and plots use exact imported paper memberships
ENSG00000269096,CT45A3,CTexploreR_CT,Loriot2025_S1,reproduced,Audit only; active provenance and plots use exact imported paper memberships
ENSG00000126890,CTAG2,CTexploreR_CT,Loriot2025_S1,reproduced,Audit only; active provenance and plots use exact imported paper memberships
ENSG00000176746,MAGEB6,CTexploreR_CT,Loriot2025_S1,reproduced,Audit only; active provenance and plots use exact imported paper memberships
ENSG00000238269,PAGE2B,CTexploreR_CTP,Loriot2025_S2,reproduced,Audit only; active provenance and plots use exact imported paper memberships
ENSG00000224902,GAGE12H,CTexploreR_CTP,Loriot2025_S2,reproduced,Audit only; active provenance and plots use exact imported paper memberships
ENSG00000224659,GAGE12J,CTexploreR_CTP,Loriot2025_S2,reproduced,Audit only; active provenance and plots use exact imported paper memberships
ENSG00000114547,ROPN1B,CTexploreR_CTP,Loriot2025_S2,reproduced,Audit only; active provenance and plots use exact imported paper memberships
ENSG00000150628,SPATA4,CTexploreR_CTP,Loriot2025_S2,reproduced,Audit only; active provenance and plots use exact imported paper memberships
ENSG00000141255,SPATA22,CTexploreR_CTP,Loriot2025_S2,reproduced,Audit only; active provenance and plots use exact imported paper memberships
ENSG00000141316,SPACA3,CTexploreR_CTP,Loriot2025_S2,reproduced,Audit only; active provenance and plots use exact imported paper memberships
ENSG00000104901,DKKL1,CTexploreR_CTP,Loriot2025_S2,reproduced,Audit only; active provenance and plots use exact imported paper memberships
ENSG00000124490,CRISP2,CTexploreR_CTP,Loriot2025_S2,reproduced,Audit only; active provenance and plots use exact imported paper memberships
ENSG00000204019,CT83,CTexploreR_CTP,Loriot2025_S2,reproduced,Audit only; active provenance and plots use exact imported paper memberships
ENSG00000182459,TEX19,CTexploreR_CTP,Loriot2025_S2,reproduced,Audit only; active provenance and plots use exact imported paper memberships
ENSG00000131126,TEX101,CTexploreR_CTP,Loriot2025_S2,reproduced,Audit only; active provenance and plots use exact imported paper memberships
ENSG00000153060,TEKT5,CTexploreR_CTP,Loriot2025_S2,reproduced,Audit only; active provenance and plots use exact imported paper memberships
ENSG00000143452,HORMAD1,CTexploreR_CTP,Loriot2025_S2,reproduced,Audit only; active provenance and plots use exact imported paper memberships
ENSG00000185686,PRAME,CTexploreR_CTP,Loriot2025_S2,reproduced,Audit only; active provenance and plots use exact imported paper memberships
ENSG00000186007,LEMD1,CTexploreR_CTP,Loriot2025_S2,reproduced,Audit only; active provenance and plots use exact imported paper memberships
ENSG00000166796,LDHC,CTexploreR_CTP,Loriot2025_S2,reproduced,Audit only; active provenance and plots use exact imported paper memberships
ENSG00000143194,MAEL,CTexploreR_CTP,Loriot2025_S2,reproduced,Audit only; active provenance and plots use exact imported paper memberships
ENSG00000139351,SYCP3,CTexploreR_CTP,Loriot2025_S2,reproduced,Audit only; active provenance and plots use exact imported paper memberships
ENSG00000121101,TEX14,CTexploreR_CTP,Loriot2025_S2,reproduced,Audit only; active provenance and plots use exact imported paper memberships
ENSG00000186075,ZPBP2,CTexploreR_CTP,Loriot2025_S2,reproduced,Audit only; active provenance and plots use exact imported paper memberships
ENSG00000162641,AKNAD1,CTexploreR_CTP,Loriot2025_S2,reproduced,Audit only; active provenance and plots use exact imported paper memberships
ENSG00000182308,DCAF4L1,CTexploreR_CTP,Loriot2025_S2,reproduced,Audit only; active provenance and plots use exact imported paper memberships
ENSG00000156269,NAA11,CTexploreR_CTP,Loriot2025_S2,reproduced,Audit only; active provenance and plots use exact imported paper memberships
ENSG00000203907,OOEP,CTexploreR_CTP,Loriot2025_S2,reproduced,Audit only; active provenance and plots use exact imported paper memberships
ENSG00000175877,TMEM270,CTexploreR_CTP,Loriot2025_S2,reproduced,Audit only; active provenance and plots use exact imported paper memberships
ENSG00000106013,ANKRD7,CTexploreR_CTP,Loriot2025_S2,reproduced,Audit only; active provenance and plots use exact imported paper memberships
ENSG00000235631,RNF148,CTexploreR_CTP,Loriot2025_S2,reproduced,Audit only; active provenance and plots use exact imported paper memberships
ENSG00000135248,GARIN1B,CTexploreR_CTP,Loriot2025_S2,reproduced,Audit only; active provenance and plots use exact imported paper memberships
ENSG00000185863,TMEM210,CTexploreR_CTP,Loriot2025_S2,reproduced,Audit only; active provenance and plots use exact imported paper memberships
ENSG00000179088,C12orf42,CTexploreR_CTP,Loriot2025_S2,reproduced,Audit only; active provenance and plots use exact imported paper memberships
ENSG00000196553,CCDC196,CTexploreR_CTP,Loriot2025_S2,reproduced,Audit only; active provenance and plots use exact imported paper memberships
ENSG00000159708,LRRC36,CTexploreR_CTP,Loriot2025_S2,reproduced,Audit only; active provenance and plots use exact imported paper memberships
ENSG00000141096,DPEP3,CTexploreR_CTP,Loriot2025_S2,reproduced,Audit only; active provenance and plots use exact imported paper memberships
ENSG00000177294,FBXO39,CTexploreR_CTP,Loriot2025_S2,reproduced,Audit only; active provenance and plots use exact imported paper memberships
ENSG00000270806,C17orf50,CTexploreR_CTP,Loriot2025_S2,reproduced,Audit only; active provenance and plots use exact imported paper memberships
ENSG00000180336,MEIOC,CTexploreR_CTP,Loriot2025_S2,reproduced,Audit only; active provenance and plots use exact imported paper memberships
ENSG00000258713,C20orf141,CTexploreR_CTP,Loriot2025_S2,reproduced,Audit only; active provenance and plots use exact imported paper memberships
ENSG00000215529,EFCAB8,CTexploreR_CTP,Loriot2025_S2,reproduced,Audit only; active provenance and plots use exact imported paper memberships
ENSG00000237671,GAGE12C,CTexploreR_CTP,Loriot2025_S2,reproduced,Audit only; active provenance and plots use exact imported paper memberships
ENSG00000236362,GAGE12F,CTexploreR_CTP,Loriot2025_S2,reproduced,Audit only; active provenance and plots use exact imported paper memberships
ENSG00000007350,TKTL1,CTexploreR_CTP,Loriot2025_S2,reproduced,Audit only; active provenance and plots use exact imported paper memberships
ENSG00000162779,AXDND1,CTexploreR_CTP,Loriot2025_S2,reproduced,Audit only; active provenance and plots use exact imported paper memberships
ENSG00000275113,GAGE2E,CTexploreR_CTP,Loriot2025_S2,reproduced,Audit only; active provenance and plots use exact imported paper memberships
ENSG00000105679,GAPDHS,CTexploreR_CTP,Loriot2025_S2,reproduced,Audit only; active provenance and plots use exact imported paper memberships
ENSG00000128322,IGLL1,CTexploreR_CTP,Loriot2025_S2,reproduced,Audit only; active provenance and plots use exact imported paper memberships
ENSG00000151846,PABPC3,CTexploreR_CTP,Loriot2025_S2,reproduced,Audit only; active provenance and plots use exact imported paper memberships
ENSG00000165496,RPL10L,CTexploreR_CTP,Loriot2025_S2,reproduced,Audit only; active provenance and plots use exact imported paper memberships
ENSG00000196335,STK31,CTexploreR_CTP,Loriot2025_S2,reproduced,Audit only; active provenance and plots use exact imported paper memberships
ENSG00000173809,TDRD12,CTexploreR_CTP,Loriot2025_S2,reproduced,Audit only; active provenance and plots use exact imported paper memberships
ENSG00000152086,TUBA3E,CTexploreR_CTP,Loriot2025_S2,reproduced,Audit only; active provenance and plots use exact imported paper memberships
ENSG00000198028,ZNF560,CTexploreR_CTP,Loriot2025_S2,reproduced,Audit only; active provenance and plots use exact imported paper memberships
ENSG00000068985,PAGE1,daSilva2017_protein,daSilva2017_tumor_proteomics,reproduced,Audit only; active provenance and plots use exact imported paper memberships
ENSG00000234068,PAGE2,daSilva2017_protein,daSilva2017_tumor_proteomics,reproduced,Audit only; active provenance and plots use exact imported paper memberships
ENSG00000238269,PAGE2B,daSilva2017_protein,daSilva2017_tumor_proteomics,reproduced,Audit only; active provenance and plots use exact imported paper memberships
ENSG00000189064,GAGE2A,daSilva2017_protein,daSilva2017_tumor_proteomics,reproduced,Audit only; active provenance and plots use exact imported paper memberships
ENSG00000224902,GAGE12H,daSilva2017_protein,daSilva2017_tumor_proteomics,reproduced,Audit only; active provenance and plots use exact imported paper memberships
ENSG00000198681,MAGEA1,daSilva2017_protein,daSilva2017_tumor_proteomics,reproduced,Audit only; active provenance and plots use exact imported paper memberships
ENSG00000147381,MAGEA4,daSilva2017_protein,daSilva2017_tumor_proteomics,reproduced,Audit only; active provenance and plots use exact imported paper memberships
ENSG00000221867,MAGEA3,daSilva2017_protein,daSilva2017_tumor_proteomics,reproduced,Audit only; active provenance and plots use exact imported paper memberships
ENSG00000189023,MAGEB16,daSilva2017_protein,daSilva2017_tumor_proteomics,reproduced,Audit only; active provenance and plots use exact imported paper memberships
ENSG00000176774,MAGEB18,daSilva2017_protein,daSilva2017_tumor_proteomics,reproduced,Audit only; active provenance and plots use exact imported paper memberships
ENSG00000155495,MAGEC1,daSilva2017_protein,daSilva2017_tumor_proteomics,reproduced,Audit only; active provenance and plots use exact imported paper memberships
ENSG00000046774,MAGEC2,daSilva2017_protein,daSilva2017_tumor_proteomics,reproduced,Audit only; active provenance and plots use exact imported paper memberships
ENSG00000227234,SPANXB1,daSilva2017_protein,daSilva2017_tumor_proteomics,reproduced,Audit only; active provenance and plots use exact imported paper memberships
ENSG00000198573,SPANXC,daSilva2017_protein,daSilva2017_tumor_proteomics,reproduced,Audit only; active provenance and plots use exact imported paper memberships
ENSG00000196406,SPANXD,daSilva2017_protein,daSilva2017_tumor_proteomics,reproduced,Audit only; active provenance and plots use exact imported paper memberships
ENSG00000155087,ODF1,daSilva2017_protein,daSilva2017_tumor_proteomics,reproduced,Audit only; active provenance and plots use exact imported paper memberships
ENSG00000184650,ODF4,daSilva2017_protein,daSilva2017_tumor_proteomics,reproduced,Audit only; active provenance and plots use exact imported paper memberships
ENSG00000141255,SPATA22,daSilva2017_protein,daSilva2017_tumor_proteomics,reproduced,Audit only; active provenance and plots use exact imported paper memberships
ENSG00000268651,CTAG1A,daSilva2017_protein,daSilva2017_tumor_proteomics,reproduced,Audit only; active provenance and plots use exact imported paper memberships
ENSG00000212710,CTAGE1,daSilva2017_protein,daSilva2017_tumor_proteomics,reproduced,Audit only; active provenance and plots use exact imported paper memberships
ENSG00000126752,SSX1,daSilva2017_protein,daSilva2017_tumor_proteomics,reproduced,Audit only; active provenance and plots use exact imported paper memberships
ENSG00000241476,SSX2,daSilva2017_protein,daSilva2017_tumor_proteomics,reproduced,Audit only; active provenance and plots use exact imported paper memberships
ENSG00000165584,SSX3,daSilva2017_protein,daSilva2017_tumor_proteomics,reproduced,Audit only; active provenance and plots use exact imported paper memberships
ENSG00000271449,CT45A2,daSilva2017_protein,daSilva2017_tumor_proteomics,reproduced,Audit only; active provenance and plots use exact imported paper memberships
ENSG00000204019,CT83,daSilva2017_protein,daSilva2017_tumor_proteomics,reproduced,Audit only; active provenance and plots use exact imported paper memberships
ENSG00000185686,PRAME,daSilva2017_protein,daSilva2017_tumor_proteomics,reproduced,Audit only; active provenance and plots use exact imported paper memberships
ENSG00000117148,ACTL8,daSilva2017_protein,daSilva2017_tumor_proteomics,reproduced,Audit only; active provenance and plots use exact imported paper memberships
ENSG00000187772,LIN28B,daSilva2017_protein,daSilva2017_tumor_proteomics,reproduced,Audit only; active provenance and plots use exact imported paper memberships
ENSG00000163530,DPPA2,daSilva2017_protein,daSilva2017_tumor_proteomics,reproduced,Audit only; active provenance and plots use exact imported paper memberships
ENSG00000269058,CALR3,daSilva2017_protein,daSilva2017_tumor_proteomics,reproduced,Audit only; active provenance and plots use exact imported paper memberships
ENSG00000152670,DDX4,daSilva2017_protein,daSilva2017_tumor_proteomics,reproduced,Audit only; active provenance and plots use exact imported paper memberships
ENSG00000205777,GAGE1,daSilva2017_protein,daSilva2017_tumor_proteomics,reproduced,Audit only; active provenance and plots use exact imported paper memberships
ENSG00000162039,MEIOB,daSilva2017_protein,daSilva2017_tumor_proteomics,reproduced,Audit only; active provenance and plots use exact imported paper memberships
ENSG00000125207,PIWIL1,daSilva2017_protein,daSilva2017_tumor_proteomics,reproduced,Audit only; active provenance and plots use exact imported paper memberships
ENSG00000077935,SMC1B,daSilva2017_protein,daSilva2017_tumor_proteomics,reproduced,Audit only; active provenance and plots use exact imported paper memberships
ENSG00000196604,POTEF,daSilva2017_protein,daSilva2017_tumor_proteomics,reproduced,Audit only; active provenance and plots use exact imported paper memberships
ENSG00000176566,DCAF4L2,daSilva2017_protein,daSilva2017_tumor_proteomics,reproduced,Audit only; active provenance and plots use exact imported paper memberships
ENSG00000198033,TUBA3C,daSilva2017_protein,daSilva2017_tumor_proteomics,reproduced,Audit only; active provenance and plots use exact imported paper memberships
ENSG00000215115,CXorf49,daSilva2017_protein,daSilva2017_tumor_proteomics,reproduced,Audit only; active provenance and plots use exact imported paper memberships
ENSG00000242875,RBMY1B,daSilva2017_protein,daSilva2017_tumor_proteomics,reproduced,Audit only; active provenance and plots use exact imported paper memberships
ENSG00000234414,RBMY1A1,daSilva2017_protein,daSilva2017_tumor_proteomics,reproduced,Audit only; active provenance and plots use exact imported paper memberships
ENSG00000242389,RBMY1E,daSilva2017_protein,daSilva2017_tumor_proteomics,reproduced,Audit only; active provenance and plots use exact imported paper memberships
ENSG00000156269,NAA11,daSilva2017_protein,daSilva2017_tumor_proteomics,reproduced,Audit only; active provenance and plots use exact imported paper memberships
ENSG00000141096,DPEP3,daSilva2017_protein,daSilva2017_tumor_proteomics,reproduced,Audit only; active provenance and plots use exact imported paper memberships
ENSG00000236362,GAGE12F,daSilva2017_protein,daSilva2017_tumor_proteomics,reproduced,Audit only; active provenance and plots use exact imported paper memberships
ENSG00000007350,TKTL1,daSilva2017_protein,daSilva2017_tumor_proteomics,reproduced,Audit only; active provenance and plots use exact imported paper memberships
ENSG00000124227,ANKRD60,daSilva2017_protein,daSilva2017_tumor_proteomics,reproduced,Audit only; active provenance and plots use exact imported paper memberships
ENSG00000162779,AXDND1,daSilva2017_protein,daSilva2017_tumor_proteomics,reproduced,Audit only; active provenance and plots use exact imported paper memberships
ENSG00000167695,TLCD3A,daSilva2017_protein,daSilva2017_tumor_proteomics,not_reproduced_by_complete_import,Audit only; active provenance and plots use exact imported paper memberships
ENSG00000174038,C9orf131,daSilva2017_protein,daSilva2017_tumor_proteomics,reproduced,Audit only; active provenance and plots use exact imported paper memberships
ENSG00000161609,KASH5,daSilva2017_protein,daSilva2017_tumor_proteomics,reproduced,Audit only; active provenance and plots use exact imported paper memberships
ENSG00000175820,CCDC168,daSilva2017_protein,daSilva2017_tumor_proteomics,reproduced,Audit only; active provenance and plots use exact imported paper memberships
ENSG00000173093,CCDC63,daSilva2017_protein,daSilva2017_tumor_proteomics,reproduced,Audit only; active provenance and plots use exact imported paper memberships
ENSG00000223510,CDRT15,daSilva2017_protein,daSilva2017_tumor_proteomics,reproduced,Audit only; active provenance and plots use exact imported paper memberships
ENSG00000154227,CERS3,daSilva2017_protein,daSilva2017_tumor_proteomics,reproduced,Audit only; active provenance and plots use exact imported paper memberships
ENSG00000134389,CFHR5,daSilva2017_protein,daSilva2017_tumor_proteomics,reproduced,Audit only; active provenance and plots use exact imported paper memberships
ENSG00000204414,CSHL1,daSilva2017_protein,daSilva2017_tumor_proteomics,reproduced,Audit only; active provenance and plots use exact imported paper memberships
ENSG00000171209,CSN3,daSilva2017_protein,daSilva2017_tumor_proteomics,reproduced,Audit only; active provenance and plots use exact imported paper memberships
ENSG00000180138,CSNK1A1L,daSilva2017_protein,daSilva2017_tumor_proteomics,reproduced,Audit only; active provenance and plots use exact imported paper memberships
ENSG00000268940,CT45A1,daSilva2017_protein,daSilva2017_tumor_proteomics,reproduced,Audit only; active provenance and plots use exact imported paper memberships
ENSG00000269096,CT45A3,daSilva2017_protein,daSilva2017_tumor_proteomics,reproduced,Audit only; active provenance and plots use exact imported paper memberships
ENSG00000126890,CTAG2,daSilva2017_protein,daSilva2017_tumor_proteomics,reproduced,Audit only; active provenance and plots use exact imported paper memberships
ENSG00000160882,CYP11B1,daSilva2017_protein,daSilva2017_tumor_proteomics,reproduced,Audit only; active provenance and plots use exact imported paper memberships
ENSG00000173818,ENDOV,daSilva2017_protein,daSilva2017_tumor_proteomics,reproduced,Audit only; active provenance and plots use exact imported paper memberships
ENSG00000178997,EXD1,daSilva2017_protein,daSilva2017_tumor_proteomics,reproduced,Audit only; active provenance and plots use exact imported paper memberships
ENSG00000197416,FABP12,daSilva2017_protein,daSilva2017_tumor_proteomics,reproduced,Audit only; active provenance and plots use exact imported paper memberships
ENSG00000276430,FAM25C,daSilva2017_protein,daSilva2017_tumor_proteomics,reproduced,Audit only; active provenance and plots use exact imported paper memberships
ENSG00000189090,FAM25G,daSilva2017_protein,daSilva2017_tumor_proteomics,reproduced,Audit only; active provenance and plots use exact imported paper memberships
ENSG00000162771,GARIN4,daSilva2017_protein,daSilva2017_tumor_proteomics,not_reproduced_by_complete_import,Audit only; active provenance and plots use exact imported paper memberships
ENSG00000187741,FANCA,daSilva2017_protein,daSilva2017_tumor_proteomics,reproduced,Audit only; active provenance and plots use exact imported paper memberships
ENSG00000130383,FUT5,daSilva2017_protein,daSilva2017_tumor_proteomics,reproduced,Audit only; active provenance and plots use exact imported paper memberships
ENSG00000215269,GAGE12G,daSilva2017_protein,daSilva2017_tumor_proteomics,reproduced,Audit only; active provenance and plots use exact imported paper memberships
ENSG00000275113,GAGE2E,daSilva2017_protein,daSilva2017_tumor_proteomics,reproduced,Audit only; active provenance and plots use exact imported paper memberships
ENSG00000105679,GAPDHS,daSilva2017_protein,daSilva2017_tumor_proteomics,reproduced,Audit only; active provenance and plots use exact imported paper memberships
ENSG00000159289,GOLGA6A,daSilva2017_protein,daSilva2017_tumor_proteomics,reproduced,Audit only; active provenance and plots use exact imported paper memberships
ENSG00000215186,GOLGA6B,daSilva2017_protein,daSilva2017_tumor_proteomics,reproduced,Audit only; active provenance and plots use exact imported paper memberships
ENSG00000167195,GOLGA6C,daSilva2017_protein,daSilva2017_tumor_proteomics,reproduced,Audit only; active provenance and plots use exact imported paper memberships
ENSG00000140478,GOLGA6D,daSilva2017_protein,daSilva2017_tumor_proteomics,reproduced,Audit only; active provenance and plots use exact imported paper memberships
ENSG00000277322,GOLGA6L6,daSilva2017_protein,daSilva2017_tumor_proteomics,reproduced,Audit only; active provenance and plots use exact imported paper memberships
ENSG00000224586,GPX5,daSilva2017_protein,daSilva2017_tumor_proteomics,reproduced,Audit only; active provenance and plots use exact imported paper memberships
ENSG00000124610,H1-1,daSilva2017_protein,daSilva2017_tumor_proteomics,reproduced,Audit only; active provenance and plots use exact imported paper memberships
ENSG00000187475,H1-6,daSilva2017_protein,daSilva2017_tumor_proteomics,reproduced,Audit only; active provenance and plots use exact imported paper memberships
ENSG00000146047,H2BC1,daSilva2017_protein,daSilva2017_tumor_proteomics,reproduced,Audit only; active provenance and plots use exact imported paper memberships
ENSG00000276410,H2BC3,daSilva2017_protein,daSilva2017_tumor_proteomics,reproduced,Audit only; active provenance and plots use exact imported paper memberships
ENSG00000274618,H4C6,daSilva2017_protein,daSilva2017_tumor_proteomics,reproduced,Audit only; active provenance and plots use exact imported paper memberships
ENSG00000176256,HMGB4,daSilva2017_protein,daSilva2017_tumor_proteomics,reproduced,Audit only; active provenance and plots use exact imported paper memberships
ENSG00000179172,HNRNPCL1,daSilva2017_protein,daSilva2017_tumor_proteomics,reproduced,Audit only; active provenance and plots use exact imported paper memberships
ENSG00000275774,HNRNPCL2,daSilva2017_protein,daSilva2017_tumor_proteomics,reproduced,Audit only; active provenance and plots use exact imported paper memberships
ENSG00000159217,IGF2BP1,daSilva2017_protein,daSilva2017_tumor_proteomics,reproduced,Audit only; active provenance and plots use exact imported paper memberships
ENSG00000128322,IGLL1,daSilva2017_protein,daSilva2017_tumor_proteomics,reproduced,Audit only; active provenance and plots use exact imported paper memberships
ENSG00000104951,IL4I1,daSilva2017_protein,daSilva2017_tumor_proteomics,reproduced,Audit only; active provenance and plots use exact imported paper memberships
ENSG00000186638,KIF24,daSilva2017_protein,daSilva2017_tumor_proteomics,reproduced,Audit only; active provenance and plots use exact imported paper memberships
ENSG00000226650,KIF4B,daSilva2017_protein,daSilva2017_tumor_proteomics,reproduced,Audit only; active provenance and plots use exact imported paper memberships
ENSG00000173908,KRT28,daSilva2017_protein,daSilva2017_tumor_proteomics,reproduced,Audit only; active provenance and plots use exact imported paper memberships
ENSG00000198390,KRTAP13-1,daSilva2017_protein,daSilva2017_tumor_proteomics,reproduced,Audit only; active provenance and plots use exact imported paper memberships
ENSG00000239886,KRTAP9-2,daSilva2017_protein,daSilva2017_tumor_proteomics,reproduced,Audit only; active provenance and plots use exact imported paper memberships
ENSG00000167531,LALBA,daSilva2017_protein,daSilva2017_tumor_proteomics,reproduced,Audit only; active provenance and plots use exact imported paper memberships
ENSG00000182261,NLRP10,daSilva2017_protein,daSilva2017_tumor_proteomics,reproduced,Audit only; active provenance and plots use exact imported paper memberships
ENSG00000250741,NT5C1B-RDH14,daSilva2017_protein,daSilva2017_tumor_proteomics,reproduced,Audit only; active provenance and plots use exact imported paper memberships
ENSG00000130950,NUTM2F,daSilva2017_protein,daSilva2017_tumor_proteomics,reproduced,Audit only; active provenance and plots use exact imported paper memberships
ENSG00000151846,PABPC3,daSilva2017_protein,daSilva2017_tumor_proteomics,reproduced,Audit only; active provenance and plots use exact imported paper memberships
ENSG00000168078,PBK,daSilva2017_protein,daSilva2017_tumor_proteomics,reproduced,Audit only; active provenance and plots use exact imported paper memberships
ENSG00000239389,PCDHA13,daSilva2017_protein,daSilva2017_tumor_proteomics,reproduced,Audit only; active provenance and plots use exact imported paper memberships
ENSG00000204967,PCDHA4,daSilva2017_protein,daSilva2017_tumor_proteomics,reproduced,Audit only; active provenance and plots use exact imported paper memberships
ENSG00000204965,PCDHA5,daSilva2017_protein,daSilva2017_tumor_proteomics,reproduced,Audit only; active provenance and plots use exact imported paper memberships
ENSG00000204962,PCDHA8,daSilva2017_protein,daSilva2017_tumor_proteomics,reproduced,Audit only; active provenance and plots use exact imported paper memberships
ENSG00000204961,PCDHA9,daSilva2017_protein,daSilva2017_tumor_proteomics,reproduced,Audit only; active provenance and plots use exact imported paper memberships
ENSG00000163114,PDHA2,daSilva2017_protein,daSilva2017_tumor_proteomics,reproduced,Audit only; active provenance and plots use exact imported paper memberships
ENSG00000170950,PGK2,daSilva2017_protein,daSilva2017_tumor_proteomics,reproduced,Audit only; active provenance and plots use exact imported paper memberships
ENSG00000117461,PIK3R3,daSilva2017_protein,daSilva2017_tumor_proteomics,reproduced,Audit only; active provenance and plots use exact imported paper memberships
ENSG00000127564,PKMYT1,daSilva2017_protein,daSilva2017_tumor_proteomics,reproduced,Audit only; active provenance and plots use exact imported paper memberships
ENSG00000187537,POTEG,daSilva2017_protein,daSilva2017_tumor_proteomics,reproduced,Audit only; active provenance and plots use exact imported paper memberships
ENSG00000231887,PRH1,daSilva2017_protein,daSilva2017_tumor_proteomics,reproduced,Audit only; active provenance and plots use exact imported paper memberships
ENSG00000170748,RBMXL2,daSilva2017_protein,daSilva2017_tumor_proteomics,reproduced,Audit only; active provenance and plots use exact imported paper memberships
ENSG00000244395,RBMY1D,daSilva2017_protein,daSilva2017_tumor_proteomics,reproduced,Audit only; active provenance and plots use exact imported paper memberships
ENSG00000169800,RBMY1F,daSilva2017_protein,daSilva2017_tumor_proteomics,reproduced,Audit only; active provenance and plots use exact imported paper memberships
ENSG00000196862,RGPD4,daSilva2017_protein,daSilva2017_tumor_proteomics,reproduced,Audit only; active provenance and plots use exact imported paper memberships
ENSG00000165496,RPL10L,daSilva2017_protein,daSilva2017_tumor_proteomics,reproduced,Audit only; active provenance and plots use exact imported paper memberships
ENSG00000184302,SIX6,daSilva2017_protein,daSilva2017_tumor_proteomics,reproduced,Audit only; active provenance and plots use exact imported paper memberships
ENSG00000165480,SKA3,daSilva2017_protein,daSilva2017_tumor_proteomics,reproduced,Audit only; active provenance and plots use exact imported paper memberships
ENSG00000141437,SLC25A52,daSilva2017_protein,daSilva2017_tumor_proteomics,reproduced,Audit only; active provenance and plots use exact imported paper memberships
ENSG00000064199,SPA17,daSilva2017_protein,daSilva2017_tumor_proteomics,reproduced,Audit only; active provenance and plots use exact imported paper memberships
ENSG00000167523,SPATA33,daSilva2017_protein,daSilva2017_tumor_proteomics,reproduced,Audit only; active provenance and plots use exact imported paper memberships
ENSG00000196335,STK31,daSilva2017_protein,daSilva2017_tumor_proteomics,reproduced,Audit only; active provenance and plots use exact imported paper memberships
ENSG00000198870,STKLD1,daSilva2017_protein,daSilva2017_tumor_proteomics,reproduced,Audit only; active provenance and plots use exact imported paper memberships
ENSG00000205078,SYCE1L,daSilva2017_protein,daSilva2017_tumor_proteomics,reproduced,Audit only; active provenance and plots use exact imported paper memberships
ENSG00000122728,TAF1L,daSilva2017_protein,daSilva2017_tumor_proteomics,reproduced,Audit only; active provenance and plots use exact imported paper memberships
ENSG00000173809,TDRD12,daSilva2017_protein,daSilva2017_tumor_proteomics,reproduced,Audit only; active provenance and plots use exact imported paper memberships
ENSG00000166069,TMCO5A,daSilva2017_protein,daSilva2017_tumor_proteomics,reproduced,Audit only; active provenance and plots use exact imported paper memberships
ENSG00000112742,TTK,daSilva2017_protein,daSilva2017_tumor_proteomics,reproduced,Audit only; active provenance and plots use exact imported paper memberships
ENSG00000152086,TUBA3E,daSilva2017_protein,daSilva2017_tumor_proteomics,reproduced,Audit only; active provenance and plots use exact imported paper memberships
ENSG00000180083,WFDC11,daSilva2017_protein,daSilva2017_tumor_proteomics,reproduced,Audit only; active provenance and plots use exact imported paper memberships
ENSG00000006047,YBX2,daSilva2017_protein,daSilva2017_tumor_proteomics,reproduced,Audit only; active provenance and plots use exact imported paper memberships
ENSG00000118491,ZC2HC1B,daSilva2017_protein,daSilva2017_tumor_proteomics,reproduced,Audit only; active provenance and plots use exact imported paper memberships
ENSG00000198028,ZNF560,daSilva2017_protein,daSilva2017_tumor_proteomics,reproduced,Audit only; active provenance and plots use exact imported paper memberships
ENSG00000184507,NUTM1,CTpedia,,historical_catalog_tag_not_primary_paper_provenance,Audit only; active provenance and plots use exact imported paper memberships
ENSG00000164304,CAGE1,CTpedia,,historical_catalog_tag_not_primary_paper_provenance,Audit only; active provenance and plots use exact imported paper memberships
ENSG00000068985,PAGE1,CTpedia,,historical_catalog_tag_not_primary_paper_provenance,Audit only; active provenance and plots use exact imported paper memberships
ENSG00000234068,PAGE2,CTpedia,,historical_catalog_tag_not_primary_paper_provenance,Audit only; active provenance and plots use exact imported paper memberships
ENSG00000238269,PAGE2B,CTpedia,,historical_catalog_tag_not_primary_paper_provenance,Audit only; active provenance and plots use exact imported paper memberships
ENSG00000204279,PAGE3,CTpedia,,historical_catalog_tag_not_primary_paper_provenance,Audit only; active provenance and plots use exact imported paper memberships
ENSG00000158639,PAGE5,CTpedia,,historical_catalog_tag_not_primary_paper_provenance,Audit only; active provenance and plots use exact imported paper memberships
ENSG00000204379,XAGE1A,CTpedia,,historical_catalog_tag_not_primary_paper_provenance,Audit only; active provenance and plots use exact imported paper memberships
ENSG00000204382,XAGE1B,CTpedia,,historical_catalog_tag_not_primary_paper_provenance,Audit only; active provenance and plots use exact imported paper memberships
ENSG00000171402,XAGE3,CTpedia,,historical_catalog_tag_not_primary_paper_provenance,Audit only; active provenance and plots use exact imported paper memberships
ENSG00000171405,XAGE5,CTpedia,,historical_catalog_tag_not_primary_paper_provenance,Audit only; active provenance and plots use exact imported paper memberships
ENSG00000189064,GAGE2A,CTpedia,,historical_catalog_tag_not_primary_paper_provenance,Audit only; active provenance and plots use exact imported paper memberships
ENSG00000224902,GAGE12H,CTpedia,,historical_catalog_tag_not_primary_paper_provenance,Audit only; active provenance and plots use exact imported paper memberships
ENSG00000224659,GAGE12J,CTpedia,,historical_catalog_tag_not_primary_paper_provenance,Audit only; active provenance and plots use exact imported paper memberships
ENSG00000216649,GAGE12E,CTpedia,,historical_catalog_tag_not_primary_paper_provenance,Audit only; active provenance and plots use exact imported paper memberships
ENSG00000274274,GAGE13,CTpedia,,historical_catalog_tag_not_primary_paper_provenance,Audit only; active provenance and plots use exact imported paper memberships
ENSG00000198681,MAGEA1,CTpedia,,historical_catalog_tag_not_primary_paper_provenance,Audit only; active provenance and plots use exact imported paper memberships
ENSG00000268606,MAGEA2,CTpedia,,historical_catalog_tag_not_primary_paper_provenance,Audit only; active provenance and plots use exact imported paper memberships
ENSG00000147381,MAGEA4,CTpedia,,historical_catalog_tag_not_primary_paper_provenance,Audit only; active provenance and plots use exact imported paper memberships
ENSG00000197172,MAGEA6,CTpedia,,historical_catalog_tag_not_primary_paper_provenance,Audit only; active provenance and plots use exact imported paper memberships
ENSG00000221867,MAGEA3,CTpedia,,historical_catalog_tag_not_primary_paper_provenance,Audit only; active provenance and plots use exact imported paper memberships
ENSG00000123584,MAGEA9,CTpedia,,historical_catalog_tag_not_primary_paper_provenance,Audit only; active provenance and plots use exact imported paper memberships
ENSG00000267978,MAGEA9B,CTpedia,,historical_catalog_tag_not_primary_paper_provenance,Audit only; active provenance and plots use exact imported paper memberships
ENSG00000124260,MAGEA10,CTpedia,,historical_catalog_tag_not_primary_paper_provenance,Audit only; active provenance and plots use exact imported paper memberships
ENSG00000185247,MAGEA11,CTpedia,,historical_catalog_tag_not_primary_paper_provenance,Audit only; active provenance and plots use exact imported paper memberships
ENSG00000214107,MAGEB1,CTpedia,,historical_catalog_tag_not_primary_paper_provenance,Audit only; active provenance and plots use exact imported paper memberships
ENSG00000099399,MAGEB2,CTpedia,,historical_catalog_tag_not_primary_paper_provenance,Audit only; active provenance and plots use exact imported paper memberships
ENSG00000198798,MAGEB3,CTpedia,,historical_catalog_tag_not_primary_paper_provenance,Audit only; active provenance and plots use exact imported paper memberships
ENSG00000188408,MAGEB5,CTpedia,,historical_catalog_tag_not_primary_paper_provenance,Audit only; active provenance and plots use exact imported paper memberships
ENSG00000232030,MAGEB6B,CTpedia,,historical_catalog_tag_not_primary_paper_provenance,Audit only; active provenance and plots use exact imported paper memberships
ENSG00000189023,MAGEB16,CTpedia,,historical_catalog_tag_not_primary_paper_provenance,Audit only; active provenance and plots use exact imported paper memberships
ENSG00000176774,MAGEB18,CTpedia,,historical_catalog_tag_not_primary_paper_provenance,Audit only; active provenance and plots use exact imported paper memberships
ENSG00000155495,MAGEC1,CTpedia,,historical_catalog_tag_not_primary_paper_provenance,Audit only; active provenance and plots use exact imported paper memberships
ENSG00000046774,MAGEC2,CTpedia,,historical_catalog_tag_not_primary_paper_provenance,Audit only; active provenance and plots use exact imported paper memberships
ENSG00000188120,DAZ1,CTpedia,,historical_catalog_tag_not_primary_paper_provenance,Audit only; active provenance and plots use exact imported paper memberships
ENSG00000187191,DAZ3,CTpedia,,historical_catalog_tag_not_primary_paper_provenance,Audit only; active provenance and plots use exact imported paper memberships
ENSG00000092345,DAZL,CTpedia,,historical_catalog_tag_not_primary_paper_provenance,Audit only; active provenance and plots use exact imported paper memberships
ENSG00000188334,BSPH1,CTpedia,,historical_catalog_tag_not_primary_paper_provenance,Audit only; active provenance and plots use exact imported paper memberships
ENSG00000178287,SPAG11A,CTpedia,,historical_catalog_tag_not_primary_paper_provenance,Audit only; active provenance and plots use exact imported paper memberships
ENSG00000198021,SPANXA1,CTpedia,,historical_catalog_tag_not_primary_paper_provenance,Audit only; active provenance and plots use exact imported paper memberships
ENSG00000203926,SPANXA2,CTpedia,,historical_catalog_tag_not_primary_paper_provenance,Audit only; active provenance and plots use exact imported paper memberships
ENSG00000227234,SPANXB1,CTpedia,,historical_catalog_tag_not_primary_paper_provenance,Audit only; active provenance and plots use exact imported paper memberships
ENSG00000198573,SPANXC,CTpedia,,historical_catalog_tag_not_primary_paper_provenance,Audit only; active provenance and plots use exact imported paper memberships
ENSG00000196406,SPANXD,CTpedia,,historical_catalog_tag_not_primary_paper_provenance,Audit only; active provenance and plots use exact imported paper memberships
ENSG00000203923,SPANXN1,CTpedia,,historical_catalog_tag_not_primary_paper_provenance,Audit only; active provenance and plots use exact imported paper memberships
ENSG00000268988,SPANXN2,CTpedia,,historical_catalog_tag_not_primary_paper_provenance,Audit only; active provenance and plots use exact imported paper memberships
ENSG00000189252,SPANXN3,CTpedia,,historical_catalog_tag_not_primary_paper_provenance,Audit only; active provenance and plots use exact imported paper memberships
ENSG00000189326,SPANXN4,CTpedia,,historical_catalog_tag_not_primary_paper_provenance,Audit only; active provenance and plots use exact imported paper memberships
ENSG00000204363,SPANXN5,CTpedia,,historical_catalog_tag_not_primary_paper_provenance,Audit only; active provenance and plots use exact imported paper memberships
ENSG00000155087,ODF1,CTpedia,,historical_catalog_tag_not_primary_paper_provenance,Audit only; active provenance and plots use exact imported paper memberships
ENSG00000177947,ODF3,CTpedia,,historical_catalog_tag_not_primary_paper_provenance,Audit only; active provenance and plots use exact imported paper memberships
ENSG00000184650,ODF4,CTpedia,,historical_catalog_tag_not_primary_paper_provenance,Audit only; active provenance and plots use exact imported paper memberships
ENSG00000114547,ROPN1B,CTpedia,,historical_catalog_tag_not_primary_paper_provenance,Audit only; active provenance and plots use exact imported paper memberships
ENSG00000106304,SPAM1,CTpedia,,historical_catalog_tag_not_primary_paper_provenance,Audit only; active provenance and plots use exact imported paper memberships
ENSG00000150628,SPATA4,CTpedia,,historical_catalog_tag_not_primary_paper_provenance,Audit only; active provenance and plots use exact imported paper memberships
ENSG00000186451,SPATA12,CTpedia,,historical_catalog_tag_not_primary_paper_provenance,Audit only; active provenance and plots use exact imported paper memberships
ENSG00000144962,SPATA16,CTpedia,,historical_catalog_tag_not_primary_paper_provenance,Audit only; active provenance and plots use exact imported paper memberships
ENSG00000166118,SPATA19,CTpedia,,historical_catalog_tag_not_primary_paper_provenance,Audit only; active provenance and plots use exact imported paper memberships
ENSG00000141255,SPATA22,CTpedia,,historical_catalog_tag_not_primary_paper_provenance,Audit only; active provenance and plots use exact imported paper memberships
ENSG00000177992,SPATA31E1,CTpedia,,historical_catalog_tag_not_primary_paper_provenance,Audit only; active provenance and plots use exact imported paper memberships
ENSG00000204849,SPATA31A1,CTpedia,,historical_catalog_tag_not_primary_paper_provenance,Audit only; active provenance and plots use exact imported paper memberships
ENSG00000275969,SPATA31A3,CTpedia,,historical_catalog_tag_not_primary_paper_provenance,Audit only; active provenance and plots use exact imported paper memberships
ENSG00000276581,SPATA31A5,CTpedia,,historical_catalog_tag_not_primary_paper_provenance,Audit only; active provenance and plots use exact imported paper memberships
ENSG00000185775,SPATA31A6,CTpedia,,historical_catalog_tag_not_primary_paper_provenance,Audit only; active provenance and plots use exact imported paper memberships
ENSG00000276040,SPATA31A7,CTpedia,,historical_catalog_tag_not_primary_paper_provenance,Audit only; active provenance and plots use exact imported paper memberships
ENSG00000186788,SPATA31D3,CTpedia,,historical_catalog_tag_not_primary_paper_provenance,Audit only; active provenance and plots use exact imported paper memberships
ENSG00000189357,SPATA31D4,CTpedia,,historical_catalog_tag_not_primary_paper_provenance,Audit only; active provenance and plots use exact imported paper memberships
ENSG00000184361,SPATA32,CTpedia,,historical_catalog_tag_not_primary_paper_provenance,Audit only; active provenance and plots use exact imported paper memberships
ENSG00000118434,SPACA1,CTpedia,,historical_catalog_tag_not_primary_paper_provenance,Audit only; active provenance and plots use exact imported paper memberships
ENSG00000141316,SPACA3,CTpedia,,historical_catalog_tag_not_primary_paper_provenance,Audit only; active provenance and plots use exact imported paper memberships
ENSG00000174898,CATSPERD,CTpedia,,historical_catalog_tag_not_primary_paper_provenance,Audit only; active provenance and plots use exact imported paper memberships
ENSG00000188782,CATSPER4,CTpedia,,historical_catalog_tag_not_primary_paper_provenance,Audit only; active provenance and plots use exact imported paper memberships
ENSG00000268651,CTAG1A,CTpedia,,historical_catalog_tag_not_primary_paper_provenance,Audit only; active provenance and plots use exact imported paper memberships
ENSG00000184033,CTAG1B,CTpedia,,historical_catalog_tag_not_primary_paper_provenance,Audit only; active provenance and plots use exact imported paper memberships
ENSG00000212710,CTAGE1,CTpedia,,historical_catalog_tag_not_primary_paper_provenance,Audit only; active provenance and plots use exact imported paper memberships
ENSG00000271321,CTAGE6,CTpedia,,historical_catalog_tag_not_primary_paper_provenance,Audit only; active provenance and plots use exact imported paper memberships
ENSG00000236761,CTAGE9,CTpedia,,historical_catalog_tag_not_primary_paper_provenance,Audit only; active provenance and plots use exact imported paper memberships
ENSG00000126752,SSX1,CTpedia,,historical_catalog_tag_not_primary_paper_provenance,Audit only; active provenance and plots use exact imported paper memberships
ENSG00000241476,SSX2,CTpedia,,historical_catalog_tag_not_primary_paper_provenance,Audit only; active provenance and plots use exact imported paper memberships
ENSG00000268447,SSX2B,CTpedia,,historical_catalog_tag_not_primary_paper_provenance,Audit only; active provenance and plots use exact imported paper memberships
ENSG00000165584,SSX3,CTpedia,,historical_catalog_tag_not_primary_paper_provenance,Audit only; active provenance and plots use exact imported paper memberships
ENSG00000268009,SSX4,CTpedia,,historical_catalog_tag_not_primary_paper_provenance,Audit only; active provenance and plots use exact imported paper memberships
ENSG00000258992,TSPY1,CTpedia,,historical_catalog_tag_not_primary_paper_provenance,Audit only; active provenance and plots use exact imported paper memberships
ENSG00000168757,TSPY2,CTpedia,,historical_catalog_tag_not_primary_paper_provenance,Audit only; active provenance and plots use exact imported paper memberships
ENSG00000228927,TSPY3,CTpedia,,historical_catalog_tag_not_primary_paper_provenance,Audit only; active provenance and plots use exact imported paper memberships
ENSG00000233803,TSPY4,CTpedia,,historical_catalog_tag_not_primary_paper_provenance,Audit only; active provenance and plots use exact imported paper memberships
ENSG00000229549,TSPY8,CTpedia,,historical_catalog_tag_not_primary_paper_provenance,Audit only; active provenance and plots use exact imported paper memberships
ENSG00000238074,TSPY9,CTpedia,,historical_catalog_tag_not_primary_paper_provenance,Audit only; active provenance and plots use exact imported paper memberships
ENSG00000236424,TSPY10,CTpedia,,historical_catalog_tag_not_primary_paper_provenance,Audit only; active provenance and plots use exact imported paper memberships
ENSG00000178021,TSPYL6,CTpedia,,historical_catalog_tag_not_primary_paper_provenance,Audit only; active provenance and plots use exact imported paper memberships
ENSG00000114487,MORC1,CTpedia,,historical_catalog_tag_not_primary_paper_provenance,Audit only; active provenance and plots use exact imported paper memberships
ENSG00000183434,TFDP3,CTpedia,,historical_catalog_tag_not_primary_paper_provenance,Audit only; active provenance and plots use exact imported paper memberships
ENSG00000102021,LUZP4,CTpedia,,historical_catalog_tag_not_primary_paper_provenance,Audit only; active provenance and plots use exact imported paper memberships
ENSG00000104901,DKKL1,CTpedia,,historical_catalog_tag_not_primary_paper_provenance,Audit only; active provenance and plots use exact imported paper memberships
ENSG00000054796,SPO11,CTpedia,,historical_catalog_tag_not_primary_paper_provenance,Audit only; active provenance and plots use exact imported paper memberships
ENSG00000124490,CRISP2,CTpedia,,historical_catalog_tag_not_primary_paper_provenance,Audit only; active provenance and plots use exact imported paper memberships
ENSG00000176988,FMR1NB,CTpedia,,historical_catalog_tag_not_primary_paper_provenance,Audit only; active provenance and plots use exact imported paper memberships
ENSG00000274391,TPTE,CTpedia,,historical_catalog_tag_not_primary_paper_provenance,Audit only; active provenance and plots use exact imported paper memberships
ENSG00000271449,CT45A2,CTpedia,,historical_catalog_tag_not_primary_paper_provenance,Audit only; active provenance and plots use exact imported paper memberships
ENSG00000273696,CT45A7,CTpedia,,historical_catalog_tag_not_primary_paper_provenance,Audit only; active provenance and plots use exact imported paper memberships
ENSG00000236371,CT47A1,CTpedia,,historical_catalog_tag_not_primary_paper_provenance,Audit only; active provenance and plots use exact imported paper memberships
ENSG00000242362,CT47A2,CTpedia,,historical_catalog_tag_not_primary_paper_provenance,Audit only; active provenance and plots use exact imported paper memberships
ENSG00000236126,CT47A3,CTpedia,,historical_catalog_tag_not_primary_paper_provenance,Audit only; active provenance and plots use exact imported paper memberships
ENSG00000230594,CT47A4,CTpedia,,historical_catalog_tag_not_primary_paper_provenance,Audit only; active provenance and plots use exact imported paper memberships
ENSG00000237957,CT47A5,CTpedia,,historical_catalog_tag_not_primary_paper_provenance,Audit only; active provenance and plots use exact imported paper memberships
ENSG00000226023,CT47A6,CTpedia,,historical_catalog_tag_not_primary_paper_provenance,Audit only; active provenance and plots use exact imported paper memberships
ENSG00000228517,CT47A7,CTpedia,,historical_catalog_tag_not_primary_paper_provenance,Audit only; active provenance and plots use exact imported paper memberships
ENSG00000226929,CT47A11,CTpedia,,historical_catalog_tag_not_primary_paper_provenance,Audit only; active provenance and plots use exact imported paper memberships
ENSG00000226685,CT47A12,CTpedia,,historical_catalog_tag_not_primary_paper_provenance,Audit only; active provenance and plots use exact imported paper memberships
ENSG00000236446,CT47B1,CTpedia,,historical_catalog_tag_not_primary_paper_provenance,Audit only; active provenance and plots use exact imported paper memberships
ENSG00000204019,CT83,CTpedia,,historical_catalog_tag_not_primary_paper_provenance,Audit only; active provenance and plots use exact imported paper memberships
ENSG00000268629,TEX13A,CTpedia,,historical_catalog_tag_not_primary_paper_provenance,Audit only; active provenance and plots use exact imported paper memberships
ENSG00000182459,TEX19,CTpedia,,historical_catalog_tag_not_primary_paper_provenance,Audit only; active provenance and plots use exact imported paper memberships
ENSG00000185264,TEX33,CTpedia,,historical_catalog_tag_not_primary_paper_provenance,Audit only; active provenance and plots use exact imported paper memberships
ENSG00000240021,TEX35,CTpedia,,historical_catalog_tag_not_primary_paper_provenance,Audit only; active provenance and plots use exact imported paper memberships
ENSG00000172073,TEX37,CTpedia,,historical_catalog_tag_not_primary_paper_provenance,Audit only; active provenance and plots use exact imported paper memberships
ENSG00000186118,TEX38,CTpedia,,historical_catalog_tag_not_primary_paper_provenance,Audit only; active provenance and plots use exact imported paper memberships
ENSG00000177673,TEX44,CTpedia,,historical_catalog_tag_not_primary_paper_provenance,Audit only; active provenance and plots use exact imported paper memberships
ENSG00000131126,TEX101,CTpedia,,historical_catalog_tag_not_primary_paper_provenance,Audit only; active provenance and plots use exact imported paper memberships
ENSG00000171053,PATE1,CTpedia,,historical_catalog_tag_not_primary_paper_provenance,Audit only; active provenance and plots use exact imported paper memberships
ENSG00000237353,PATE4,CTpedia,,historical_catalog_tag_not_primary_paper_provenance,Audit only; active provenance and plots use exact imported paper memberships
ENSG00000103023,PRSS54,CTpedia,,historical_catalog_tag_not_primary_paper_provenance,Audit only; active provenance and plots use exact imported paper memberships
ENSG00000010318,PHF7,CTpedia,,historical_catalog_tag_not_primary_paper_provenance,Audit only; active provenance and plots use exact imported paper memberships
ENSG00000205359,SLCO6A1,CTpedia,,historical_catalog_tag_not_primary_paper_provenance,Audit only; active provenance and plots use exact imported paper memberships
ENSG00000153060,TEKT5,CTpedia,,historical_catalog_tag_not_primary_paper_provenance,Audit only; active provenance and plots use exact imported paper memberships
ENSG00000137090,DMRT1,CTpedia,,historical_catalog_tag_not_primary_paper_provenance,Audit only; active provenance and plots use exact imported paper memberships
ENSG00000142025,DMRTC2,CTpedia,,historical_catalog_tag_not_primary_paper_provenance,Audit only; active provenance and plots use exact imported paper memberships
ENSG00000179407,DNAJB8,CTpedia,,historical_catalog_tag_not_primary_paper_provenance,Audit only; active provenance and plots use exact imported paper memberships
ENSG00000181433,SAGE1,CTpedia,,historical_catalog_tag_not_primary_paper_provenance,Audit only; active provenance and plots use exact imported paper memberships
ENSG00000188992,LIPI,CTpedia,,historical_catalog_tag_not_primary_paper_provenance,Audit only; active provenance and plots use exact imported paper memberships
ENSG00000104755,ADAM2,CTpedia,,historical_catalog_tag_not_primary_paper_provenance,Audit only; active provenance and plots use exact imported paper memberships
ENSG00000170965,PLAC1,CTpedia,,historical_catalog_tag_not_primary_paper_provenance,Audit only; active provenance and plots use exact imported paper memberships
ENSG00000145309,CABS1,CTpedia,,historical_catalog_tag_not_primary_paper_provenance,Audit only; active provenance and plots use exact imported paper memberships
ENSG00000147378,FATE1,CTpedia,,historical_catalog_tag_not_primary_paper_provenance,Audit only; active provenance and plots use exact imported paper memberships
ENSG00000143452,HORMAD1,CTpedia,,historical_catalog_tag_not_primary_paper_provenance,Audit only; active provenance and plots use exact imported paper memberships
ENSG00000111644,ACRBP,CTpedia,,historical_catalog_tag_not_primary_paper_provenance,Audit only; active provenance and plots use exact imported paper memberships
ENSG00000126467,TSKS,CTpedia,,historical_catalog_tag_not_primary_paper_provenance,Audit only; active provenance and plots use exact imported paper memberships
ENSG00000161973,CCDC42,CTpedia,,historical_catalog_tag_not_primary_paper_provenance,Audit only; active provenance and plots use exact imported paper memberships
ENSG00000164113,ADAD1,CTpedia,,historical_catalog_tag_not_primary_paper_provenance,Audit only; active provenance and plots use exact imported paper memberships
ENSG00000275793,RIMBP3,CTpedia,,historical_catalog_tag_not_primary_paper_provenance,Audit only; active provenance and plots use exact imported paper memberships
ENSG00000174016,TENT5D,CTpedia,,historical_catalog_tag_not_primary_paper_provenance,Audit only; active provenance and plots use exact imported paper memberships
ENSG00000185686,PRAME,CTpedia,,historical_catalog_tag_not_primary_paper_provenance,Audit only; active provenance and plots use exact imported paper memberships
ENSG00000279804,PRAMEF18,CTpedia,,historical_catalog_tag_not_primary_paper_provenance,Audit only; active provenance and plots use exact imported paper memberships
ENSG00000204478,PRAMEF20,CTpedia,,historical_catalog_tag_not_primary_paper_provenance,Audit only; active provenance and plots use exact imported paper memberships
ENSG00000175809,CBLL2,CTpedia,,historical_catalog_tag_not_primary_paper_provenance,Audit only; active provenance and plots use exact imported paper memberships
ENSG00000147183,CPXCR1,CTpedia,,historical_catalog_tag_not_primary_paper_provenance,Audit only; active provenance and plots use exact imported paper memberships
ENSG00000104804,TULP2,CTpedia,,historical_catalog_tag_not_primary_paper_provenance,Audit only; active provenance and plots use exact imported paper memberships
ENSG00000101448,EPPIN,CTpedia,,historical_catalog_tag_not_primary_paper_provenance,Audit only; active provenance and plots use exact imported paper memberships
ENSG00000117148,ACTL8,CTpedia,,historical_catalog_tag_not_primary_paper_provenance,Audit only; active provenance and plots use exact imported paper memberships
ENSG00000181323,SPEM1,CTpedia,,historical_catalog_tag_not_primary_paper_provenance,Audit only; active provenance and plots use exact imported paper memberships
ENSG00000105549,THEG,CTpedia,,historical_catalog_tag_not_primary_paper_provenance,Audit only; active provenance and plots use exact imported paper memberships
ENSG00000175646,PRM1,CTpedia,,historical_catalog_tag_not_primary_paper_provenance,Audit only; active provenance and plots use exact imported paper memberships
ENSG00000122304,PRM2,CTpedia,,historical_catalog_tag_not_primary_paper_provenance,Audit only; active provenance and plots use exact imported paper memberships
ENSG00000178257,PRM3,CTpedia,,historical_catalog_tag_not_primary_paper_provenance,Audit only; active provenance and plots use exact imported paper memberships
ENSG00000147081,AKAP4,CTpedia,,historical_catalog_tag_not_primary_paper_provenance,Audit only; active provenance and plots use exact imported paper memberships
ENSG00000178279,TNP2,CTpedia,,historical_catalog_tag_not_primary_paper_provenance,Audit only; active provenance and plots use exact imported paper memberships
ENSG00000213030,CGB8,CTpedia,,historical_catalog_tag_not_primary_paper_provenance,Audit only; active provenance and plots use exact imported paper memberships
ENSG00000183668,PSG9,CTpedia,,historical_catalog_tag_not_primary_paper_provenance,Audit only; active provenance and plots use exact imported paper memberships
ENSG00000124467,PSG8,CTpedia,,historical_catalog_tag_not_primary_paper_provenance,Audit only; active provenance and plots use exact imported paper memberships
ENSG00000243130,PSG11,CTpedia,,historical_catalog_tag_not_primary_paper_provenance,Audit only; active provenance and plots use exact imported paper memberships
ENSG00000231924,PSG1,CTpedia,,historical_catalog_tag_not_primary_paper_provenance,Audit only; active provenance and plots use exact imported paper memberships
ENSG00000221826,PSG3,CTpedia,,historical_catalog_tag_not_primary_paper_provenance,Audit only; active provenance and plots use exact imported paper memberships
ENSG00000213218,CSH2,CTpedia,,historical_catalog_tag_not_primary_paper_provenance,Audit only; active provenance and plots use exact imported paper memberships
ENSG00000204941,PSG5,CTpedia,,historical_catalog_tag_not_primary_paper_provenance,Audit only; active provenance and plots use exact imported paper memberships
ENSG00000204450,TRIM64,CTpedia,,historical_catalog_tag_not_primary_paper_provenance,Audit only; active provenance and plots use exact imported paper memberships
ENSG00000198759,EGFL6,CTpedia,,historical_catalog_tag_not_primary_paper_provenance,Audit only; active provenance and plots use exact imported paper memberships
ENSG00000187772,LIN28B,CTpedia,,historical_catalog_tag_not_primary_paper_provenance,Audit only; active provenance and plots use exact imported paper memberships
ENSG00000168594,ADAM29,CTpedia,,historical_catalog_tag_not_primary_paper_provenance,Audit only; active provenance and plots use exact imported paper memberships
ENSG00000154040,CABYR,CTpedia,,historical_catalog_tag_not_primary_paper_provenance,Audit only; active provenance and plots use exact imported paper memberships
ENSG00000140481,CCDC33,CTpedia,,historical_catalog_tag_not_primary_paper_provenance,Audit only; active provenance and plots use exact imported paper memberships
ENSG00000124092,CTCFL,CTpedia,,historical_catalog_tag_not_primary_paper_provenance,Audit only; active provenance and plots use exact imported paper memberships
ENSG00000184735,DDX53,CTpedia,,historical_catalog_tag_not_primary_paper_provenance,Audit only; active provenance and plots use exact imported paper memberships
ENSG00000163530,DPPA2,CTpedia,,historical_catalog_tag_not_primary_paper_provenance,Audit only; active provenance and plots use exact imported paper memberships
ENSG00000132446,FTHL17,CTpedia,,historical_catalog_tag_not_primary_paper_provenance,Audit only; active provenance and plots use exact imported paper memberships
ENSG00000176635,HORMAD2,CTpedia,,historical_catalog_tag_not_primary_paper_provenance,Audit only; active provenance and plots use exact imported paper memberships
ENSG00000186007,LEMD1,CTpedia,,historical_catalog_tag_not_primary_paper_provenance,Audit only; active provenance and plots use exact imported paper memberships
ENSG00000198765,SYCP1,CTpedia,,historical_catalog_tag_not_primary_paper_provenance,Audit only; active provenance and plots use exact imported paper memberships
ENSG00000095627,TDRD1,CTpedia,,historical_catalog_tag_not_primary_paper_provenance,Audit only; active provenance and plots use exact imported paper memberships
ENSG00000133863,TEX15,CTpedia,,historical_catalog_tag_not_primary_paper_provenance,Audit only; active provenance and plots use exact imported paper memberships
ENSG00000187003,ACTL7A,CTpedia,,historical_catalog_tag_not_primary_paper_provenance,Audit only; active provenance and plots use exact imported paper memberships
ENSG00000148156,ACTL7B,CTpedia,,historical_catalog_tag_not_primary_paper_provenance,Audit only; active provenance and plots use exact imported paper memberships
ENSG00000152430,BOLL,CTpedia,,historical_catalog_tag_not_primary_paper_provenance,Audit only; active provenance and plots use exact imported paper memberships
ENSG00000137948,BRDT,CTpedia,,historical_catalog_tag_not_primary_paper_provenance,Audit only; active provenance and plots use exact imported paper memberships
ENSG00000269058,CALR3,CTpedia,,historical_catalog_tag_not_primary_paper_provenance,Audit only; active provenance and plots use exact imported paper memberships
ENSG00000152670,DDX4,CTpedia,,historical_catalog_tag_not_primary_paper_provenance,Audit only; active provenance and plots use exact imported paper memberships
ENSG00000143006,DMRTB1,CTpedia,,historical_catalog_tag_not_primary_paper_provenance,Audit only; active provenance and plots use exact imported paper memberships
ENSG00000187569,DPPA3,CTpedia,,historical_catalog_tag_not_primary_paper_provenance,Audit only; active provenance and plots use exact imported paper memberships
ENSG00000203909,DPPA5,CTpedia,,historical_catalog_tag_not_primary_paper_provenance,Audit only; active provenance and plots use exact imported paper memberships
ENSG00000077800,FKBP6,CTpedia,,historical_catalog_tag_not_primary_paper_provenance,Audit only; active provenance and plots use exact imported paper memberships
ENSG00000205777,GAGE1,CTpedia,,historical_catalog_tag_not_primary_paper_provenance,Audit only; active provenance and plots use exact imported paper memberships
ENSG00000166796,LDHC,CTpedia,,historical_catalog_tag_not_primary_paper_provenance,Audit only; active provenance and plots use exact imported paper memberships
ENSG00000143194,MAEL,CTpedia,,historical_catalog_tag_not_primary_paper_provenance,Audit only; active provenance and plots use exact imported paper memberships
ENSG00000213401,MAGEA12,CTpedia,,historical_catalog_tag_not_primary_paper_provenance,Audit only; active provenance and plots use exact imported paper memberships
ENSG00000156009,MAGEA8,CTpedia,,historical_catalog_tag_not_primary_paper_provenance,Audit only; active provenance and plots use exact imported paper memberships
ENSG00000177689,MAGEB10,CTpedia,,historical_catalog_tag_not_primary_paper_provenance,Audit only; active provenance and plots use exact imported paper memberships
ENSG00000162039,MEIOB,CTpedia,,historical_catalog_tag_not_primary_paper_provenance,Audit only; active provenance and plots use exact imported paper memberships
ENSG00000188425,NANOS2,CTpedia,,historical_catalog_tag_not_primary_paper_provenance,Audit only; active provenance and plots use exact imported paper memberships
ENSG00000166049,PASD1,CTpedia,,historical_catalog_tag_not_primary_paper_provenance,Audit only; active provenance and plots use exact imported paper memberships
ENSG00000125207,PIWIL1,CTpedia,,historical_catalog_tag_not_primary_paper_provenance,Audit only; active provenance and plots use exact imported paper memberships
ENSG00000244588,RAD21L1,CTpedia,,historical_catalog_tag_not_primary_paper_provenance,Audit only; active provenance and plots use exact imported paper memberships
ENSG00000077935,SMC1B,CTpedia,,historical_catalog_tag_not_primary_paper_provenance,Audit only; active provenance and plots use exact imported paper memberships
ENSG00000161860,SYCE2,CTpedia,,historical_catalog_tag_not_primary_paper_provenance,Audit only; active provenance and plots use exact imported paper memberships
ENSG00000139351,SYCP3,CTpedia,,historical_catalog_tag_not_primary_paper_provenance,Audit only; active provenance and plots use exact imported paper memberships
ENSG00000121101,TEX14,CTpedia,,historical_catalog_tag_not_primary_paper_provenance,Audit only; active provenance and plots use exact imported paper memberships
ENSG00000171794,UTF1,CTpedia,,historical_catalog_tag_not_primary_paper_provenance,Audit only; active provenance and plots use exact imported paper memberships
ENSG00000042813,ZPBP,CTpedia,,historical_catalog_tag_not_primary_paper_provenance,Audit only; active provenance and plots use exact imported paper memberships
ENSG00000186075,ZPBP2,CTpedia,,historical_catalog_tag_not_primary_paper_provenance,Audit only; active provenance and plots use exact imported paper memberships
ENSG00000155622,XAGE2,CTpedia,,historical_catalog_tag_not_primary_paper_provenance,Audit only; active provenance and plots use exact imported paper memberships
ENSG00000176746,MAGEB6,CTpedia,,historical_catalog_tag_not_primary_paper_provenance,Audit only; active provenance and plots use exact imported paper memberships
